date,campaign_id,campaign,media_source,country,platform,cost_usd
2026-08-01,354249225,SK_iOS_Install_21,novaleads_int,SK,iOS,3.52
2026-08-01,404931207,CZ_Android_Trial_30,clickwave_int,CZ,Android,45.49
2026-08-01,866666834,UA_iOS_Subscribe_01,clickwave_int,UA,iOS,17.72
2026-08-02,303699750,DE_Android_Install_34,novaleads_int,DE,Android,5.83
2026-08-02,354249225,SK_iOS_Install_21,novaleads_int,SK,iOS,3.93
2026-08-02,404931207,CZ_Android_Trial_30,clickwave_int,CZ,Android,55.66
2026-08-02,866666834,UA_iOS_Subscribe_01,clickwave_int,UA,iOS,5.95
2026-08-03,241515656,CZ_iOS_Subscribe_31,sunrise_ads_int,CZ,iOS,24.47
2026-08-03,303699750,DE_Android_Install_34,novaleads_int,DE,Android,4.76
2026-08-03,354249225,SK_iOS_Install_21,novaleads_int,SK,iOS,3.0
2026-08-03,404931207,CZ_Android_Trial_30,clickwave_int,CZ,Android,56.67
2026-08-03,573235158,SK_Android_Retarget_36,vertex_media_int,SK,Android,4.15
2026-08-04,241515656,CZ_iOS_Subscribe_31,sunrise_ads_int,CZ,iOS,15.36
2026-08-04,303699750,DE_Android_Install_34,novaleads_int,DE,Android,4.46
2026-08-04,354249225,SK_iOS_Install_21,novaleads_int,SK,iOS,3.79
2026-08-04,404931207,CZ_Android_Trial_30,clickwave_int,CZ,Android,40.65
2026-08-04,573235158,SK_Android_Retarget_36,vertex_media_int,SK,Android,4.93
2026-08-04,866666834,UA_iOS_Subscribe_01,clickwave_int,UA,iOS,5.31
2026-08-05,241515656,CZ_iOS_Subscribe_31,sunrise_ads_int,CZ,iOS,15.56
2026-08-05,303699750,DE_Android_Install_34,novaleads_int,DE,Android,4.81
2026-08-05,354249225,SK_iOS_Install_21,novaleads_int,SK,iOS,4.42
2026-08-05,404931207,CZ_Android_Trial_30,clickwave_int,CZ,Android,41.84
2026-08-05,503542490,CZ_Android_Install_28,sunrise_ads_int,CZ,Android,66.88
2026-08-05,573235158,SK_Android_Retarget_36,vertex_media_int,SK,Android,4.19
2026-08-05,866666834,UA_iOS_Subscribe_01,clickwave_int,UA,iOS,9.4
2026-08-06,182440508,CZ_Android_Trial_37,vertex_media_int,CZ,Android,20.19
2026-08-06,241515656,CZ_iOS_Subscribe_31,sunrise_ads_int,CZ,iOS,24.87
2026-08-06,261041331,US_iOS_Trial_02,pixelboost_int,US,iOS,17.42
2026-08-06,303699750,DE_Android_Install_34,novaleads_int,DE,Android,2.82
2026-08-06,404931207,CZ_Android_Trial_30,clickwave_int,CZ,Android,62.73
2026-08-06,487820854,UA_Android_Promo_38,pixelboost_int,UA,Android,3.87
2026-08-06,503542490,CZ_Android_Install_28,sunrise_ads_int,CZ,Android,45.94
2026-08-06,573235158,SK_Android_Retarget_36,vertex_media_int,SK,Android,3.54
2026-08-06,866666834,UA_iOS_Subscribe_01,clickwave_int,UA,iOS,4.91
2026-08-07,182440508,CZ_Android_Trial_37,vertex_media_int,CZ,Android,37.76
2026-08-07,241515656,CZ_iOS_Subscribe_31,sunrise_ads_int,CZ,iOS,13.76
2026-08-07,261041331,US_iOS_Trial_02,pixelboost_int,US,iOS,22.49
2026-08-07,303699750,DE_Android_Install_34,novaleads_int,DE,Android,2.4
2026-08-07,404931207,CZ_Android_Trial_30,clickwave_int,CZ,Android,48.15
2026-08-07,487820854,UA_Android_Promo_38,pixelboost_int,UA,Android,2.22
2026-08-07,503542490,CZ_Android_Install_28,sunrise_ads_int,CZ,Android,32.23
2026-08-07,573235158,SK_Android_Retarget_36,vertex_media_int,SK,Android,4.95
2026-08-07,680088917,DE_iOS_Install_25,orbit_network_int,DE,iOS,35.38
2026-08-07,866666834,UA_iOS_Subscribe_01,clickwave_int,UA,iOS,9.64
2026-08-08,182440508,CZ_Android_Trial_37,vertex_media_int,CZ,Android,23.82
2026-08-08,231514479,DE_Android_Subscribe_33,vertex_media_int,DE,Android,13.47
2026-08-08,241515656,CZ_iOS_Subscribe_31,sunrise_ads_int,CZ,iOS,25.48
2026-08-08,261041331,US_iOS_Trial_02,pixelboost_int,US,iOS,22.6
2026-08-08,303699750,DE_Android_Install_34,novaleads_int,DE,Android,3.32
2026-08-08,354249225,SK_iOS_Install_21,novaleads_int,SK,iOS,3.4
2026-08-08,404931207,CZ_Android_Trial_30,clickwave_int,CZ,Android,62.91
2026-08-08,487820854,UA_Android_Promo_38,pixelboost_int,UA,Android,3.99
2026-08-08,503542490,CZ_Android_Install_28,sunrise_ads_int,CZ,Android,36.92
2026-08-08,573235158,SK_Android_Retarget_36,vertex_media_int,SK,Android,2.91
2026-08-08,680088917,DE_iOS_Install_25,orbit_network_int,DE,iOS,24.05
2026-08-08,866666834,UA_iOS_Subscribe_01,clickwave_int,UA,iOS,11.3
2026-08-08,914629451,DE_iOS_Subscribe_12,vertex_media_int,DE,iOS,16.89
2026-08-09,182440508,CZ_Android_Trial_37,vertex_media_int,CZ,Android,51.32
2026-08-09,231514479,DE_Android_Subscribe_33,vertex_media_int,DE,Android,8.21
2026-08-09,261041331,US_iOS_Trial_02,pixelboost_int,US,iOS,12.78
2026-08-09,303699750,DE_Android_Install_34,novaleads_int,DE,Android,4.12
2026-08-09,354249225,SK_iOS_Install_21,novaleads_int,SK,iOS,3.11
2026-08-09,404931207,CZ_Android_Trial_30,clickwave_int,CZ,Android,126.01
2026-08-09,487820854,UA_Android_Promo_38,pixelboost_int,UA,Android,1.94
2026-08-09,503542490,CZ_Android_Install_28,sunrise_ads_int,CZ,Android,45.2
2026-08-09,514120953,CZ_iOS_Promo_29,pixelboost_int,CZ,iOS,33.82
2026-08-09,573235158,SK_Android_Retarget_36,vertex_media_int,SK,Android,4.92
2026-08-09,680088917,DE_iOS_Install_25,orbit_network_int,DE,iOS,40.26
2026-08-09,866666834,UA_iOS_Subscribe_01,clickwave_int,UA,iOS,8.3
2026-08-10,182440508,CZ_Android_Trial_37,vertex_media_int,CZ,Android,45.89
2026-08-10,188620027,CZ_Android_Brand_17,vertex_media_int,CZ,Android,14.75
2026-08-10,231514479,DE_Android_Subscribe_33,vertex_media_int,DE,Android,12.01
2026-08-10,241515656,CZ_iOS_Subscribe_31,sunrise_ads_int,CZ,iOS,28.78
2026-08-10,261041331,US_iOS_Trial_02,pixelboost_int,US,iOS,17.19
2026-08-10,303699750,DE_Android_Install_34,novaleads_int,DE,Android,3.39
2026-08-10,354249225,SK_iOS_Install_21,novaleads_int,SK,iOS,8.05
2026-08-10,404931207,CZ_Android_Trial_30,clickwave_int,CZ,Android,27.93
2026-08-10,487820854,UA_Android_Promo_38,pixelboost_int,UA,Android,2.24
2026-08-10,503542490,CZ_Android_Install_28,sunrise_ads_int,CZ,Android,37.48
2026-08-10,514120953,CZ_iOS_Promo_29,pixelboost_int,CZ,iOS,27.17
2026-08-10,573235158,SK_Android_Retarget_36,vertex_media_int,SK,Android,3.22
2026-08-10,680088917,DE_iOS_Install_25,orbit_network_int,DE,iOS,44.5
2026-08-10,687506321,UA_iOS_Promo_16,clickwave_int,UA,iOS,0.0
2026-08-10,811466420,PL_iOS_Trial_10,pixelboost_int,PL,iOS,9.89
2026-08-10,866666834,UA_iOS_Subscribe_01,clickwave_int,UA,iOS,8.81
2026-08-10,914629451,DE_iOS_Subscribe_12,vertex_media_int,DE,iOS,29.36
2026-08-11,182440508,CZ_Android_Trial_37,vertex_media_int,CZ,Android,30.33
2026-08-11,188620027,CZ_Android_Brand_17,vertex_media_int,CZ,Android,16.09
2026-08-11,231514479,DE_Android_Subscribe_33,vertex_media_int,DE,Android,8.3
2026-08-11,241515656,CZ_iOS_Subscribe_31,sunrise_ads_int,CZ,iOS,21.63
2026-08-11,261041331,US_iOS_Trial_02,pixelboost_int,US,iOS,18.85
2026-08-11,303699750,DE_Android_Install_34,novaleads_int,DE,Android,3.67
2026-08-11,354249225,SK_iOS_Install_21,novaleads_int,SK,iOS,3.43
2026-08-11,368472490,US_iOS_Brand_18,sunrise_ads_int,US,iOS,4.92
2026-08-11,404931207,CZ_Android_Trial_30,clickwave_int,CZ,Android,63.85
2026-08-11,487820854,UA_Android_Promo_38,pixelboost_int,UA,Android,4.44
2026-08-11,503542490,CZ_Android_Install_28,sunrise_ads_int,CZ,Android,30.44
2026-08-11,514120953,CZ_iOS_Promo_29,pixelboost_int,CZ,iOS,30.22
2026-08-11,573235158,SK_Android_Retarget_36,vertex_media_int,SK,Android,4.97
2026-08-11,680088917,DE_iOS_Install_25,orbit_network_int,DE,iOS,37.32
2026-08-11,687506321,UA_iOS_Promo_16,clickwave_int,UA,iOS,0.0
2026-08-11,811466420,PL_iOS_Trial_10,pixelboost_int,PL,iOS,16.87
2026-08-11,866666834,UA_iOS_Subscribe_01,clickwave_int,UA,iOS,8.54
2026-08-12,182440508,CZ_Android_Trial_37,vertex_media_int,CZ,Android,19.93
2026-08-12,188620027,CZ_Android_Brand_17,vertex_media_int,CZ,Android,29.59
2026-08-12,231514479,DE_Android_Subscribe_33,vertex_media_int,DE,Android,9.52
2026-08-12,241515656,CZ_iOS_Subscribe_31,sunrise_ads_int,CZ,iOS,14.7
2026-08-12,354249225,SK_iOS_Install_21,novaleads_int,SK,iOS,3.66
2026-08-12,368472490,US_iOS_Brand_18,sunrise_ads_int,US,iOS,6.44
2026-08-12,404931207,CZ_Android_Trial_30,clickwave_int,CZ,Android,82.07
2026-08-12,487820854,UA_Android_Promo_38,pixelboost_int,UA,Android,6.17
2026-08-12,503542490,CZ_Android_Install_28,sunrise_ads_int,CZ,Android,32.35
2026-08-12,514120953,CZ_iOS_Promo_29,pixelboost_int,CZ,iOS,27.45
2026-08-12,573235158,SK_Android_Retarget_36,vertex_media_int,SK,Android,3.48
2026-08-12,680088917,DE_iOS_Install_25,orbit_network_int,DE,iOS,29.87
2026-08-12,687506321,UA_iOS_Promo_16,clickwave_int,UA,iOS,0.0
2026-08-12,811466420,PL_iOS_Trial_10,pixelboost_int,PL,iOS,12.28
2026-08-12,866666834,UA_iOS_Subscribe_01,clickwave_int,UA,iOS,6.75
2026-08-12,914629451,DE_iOS_Subscribe_12,vertex_media_int,DE,iOS,16.33
2026-08-13,182440508,CZ_Android_Trial_37,vertex_media_int,CZ,Android,31.67
2026-08-13,231514479,DE_Android_Subscribe_33,vertex_media_int,DE,Android,13.33
2026-08-13,261041331,US_iOS_Trial_02,pixelboost_int,US,iOS,20.46
2026-08-13,343706964,UA_Android_Brand_39,orbit_network_int,UA,Android,9.82
2026-08-13,350109293,US_Android_Promo_32,clickwave_int,US,Android,39.7
2026-08-13,354249225,SK_iOS_Install_21,novaleads_int,SK,iOS,2.26
2026-08-13,404931207,CZ_Android_Trial_30,clickwave_int,CZ,Android,32.72
2026-08-13,419425600,DE_iOS_Subscribe_08,novaleads_int,DE,iOS,8.77
2026-08-13,487820854,UA_Android_Promo_38,pixelboost_int,UA,Android,4.26
2026-08-13,503542490,CZ_Android_Install_28,sunrise_ads_int,CZ,Android,36.12
2026-08-13,514120953,CZ_iOS_Promo_29,pixelboost_int,CZ,iOS,46.16
2026-08-13,573235158,SK_Android_Retarget_36,vertex_media_int,SK,Android,4.98
2026-08-13,687506321,UA_iOS_Promo_16,clickwave_int,UA,iOS,0.0
2026-08-13,733984697,CZ_Android_Subscribe_11,pixelboost_int,CZ,Android,12.54
2026-08-13,811466420,PL_iOS_Trial_10,pixelboost_int,PL,iOS,19.79
2026-08-13,843305731,DE_Android_Promo_26,novaleads_int,DE,Android,7.05
2026-08-13,847954966,CZ_iOS_Subscribe_09,orbit_network_int,CZ,iOS,34.93
2026-08-13,866666834,UA_iOS_Subscribe_01,clickwave_int,UA,iOS,14.31
2026-08-13,914629451,DE_iOS_Subscribe_12,vertex_media_int,DE,iOS,31.25
2026-08-14,182440508,CZ_Android_Trial_37,vertex_media_int,CZ,Android,22.59
2026-08-14,188620027,CZ_Android_Brand_17,vertex_media_int,CZ,Android,14.99
2026-08-14,231514479,DE_Android_Subscribe_33,vertex_media_int,DE,Android,9.72
2026-08-14,241515656,CZ_iOS_Subscribe_31,sunrise_ads_int,CZ,iOS,18.36
2026-08-14,261041331,US_iOS_Trial_02,pixelboost_int,US,iOS,25.79
2026-08-14,303699750,DE_Android_Install_34,novaleads_int,DE,Android,4.94
2026-08-14,343706964,UA_Android_Brand_39,orbit_network_int,UA,Android,15.54
2026-08-14,354249225,SK_iOS_Install_21,novaleads_int,SK,iOS,5.21
2026-08-14,368472490,US_iOS_Brand_18,sunrise_ads_int,US,iOS,4.53
2026-08-14,404931207,CZ_Android_Trial_30,clickwave_int,CZ,Android,85.89
2026-08-14,419425600,DE_iOS_Subscribe_08,novaleads_int,DE,iOS,8.03
2026-08-14,487820854,UA_Android_Promo_38,pixelboost_int,UA,Android,2.27
2026-08-14,503542490,CZ_Android_Install_28,sunrise_ads_int,CZ,Android,72.31
2026-08-14,514120953,CZ_iOS_Promo_29,pixelboost_int,CZ,iOS,28.9
2026-08-14,573235158,SK_Android_Retarget_36,vertex_media_int,SK,Android,5.73
2026-08-14,680088917,DE_iOS_Install_25,orbit_network_int,DE,iOS,32.09
2026-08-14,687506321,UA_iOS_Promo_16,clickwave_int,UA,iOS,0.0
2026-08-14,690477857,US_Android_Install_27,sunrise_ads_int,US,Android,6.55
2026-08-14,733984697,CZ_Android_Subscribe_11,pixelboost_int,CZ,Android,7.78
2026-08-14,811466420,PL_iOS_Trial_10,pixelboost_int,PL,iOS,15.33
2026-08-14,843305731,DE_Android_Promo_26,novaleads_int,DE,Android,8.53
2026-08-14,847954966,CZ_iOS_Subscribe_09,orbit_network_int,CZ,iOS,31.89
2026-08-14,866666834,UA_iOS_Subscribe_01,clickwave_int,UA,iOS,9.92
2026-08-14,914629451,DE_iOS_Subscribe_12,vertex_media_int,DE,iOS,18.09
2026-08-15,171845245,DE_Android_Install_06,clickwave_int,DE,Android,11.7
2026-08-15,182440508,CZ_Android_Trial_37,vertex_media_int,CZ,Android,33.85
2026-08-15,188620027,CZ_Android_Brand_17,vertex_media_int,CZ,Android,11.16
2026-08-15,231514479,DE_Android_Subscribe_33,vertex_media_int,DE,Android,14.13
2026-08-15,241515656,CZ_iOS_Subscribe_31,sunrise_ads_int,CZ,iOS,16.48
2026-08-15,261041331,US_iOS_Trial_02,pixelboost_int,US,iOS,10.55
2026-08-15,303699750,DE_Android_Install_34,novaleads_int,DE,Android,6.16
2026-08-15,343706964,UA_Android_Brand_39,orbit_network_int,UA,Android,3.65
2026-08-15,350109293,US_Android_Promo_32,clickwave_int,US,Android,71.76
2026-08-15,354249225,SK_iOS_Install_21,novaleads_int,SK,iOS,4.71
2026-08-15,368472490,US_iOS_Brand_18,sunrise_ads_int,US,iOS,6.13
2026-08-15,419425600,DE_iOS_Subscribe_08,novaleads_int,DE,iOS,13.17
2026-08-15,487820854,UA_Android_Promo_38,pixelboost_int,UA,Android,4.17
2026-08-15,503542490,CZ_Android_Install_28,sunrise_ads_int,CZ,Android,24.69
2026-08-15,514120953,CZ_iOS_Promo_29,pixelboost_int,CZ,iOS,28.95
2026-08-15,573235158,SK_Android_Retarget_36,vertex_media_int,SK,Android,2.99
2026-08-15,680088917,DE_iOS_Install_25,orbit_network_int,DE,iOS,51.97
2026-08-15,687506321,UA_iOS_Promo_16,clickwave_int,UA,iOS,0.0
2026-08-15,733984697,CZ_Android_Subscribe_11,pixelboost_int,CZ,Android,10.87
2026-08-15,811466420,PL_iOS_Trial_10,pixelboost_int,PL,iOS,23.99
2026-08-15,843305731,DE_Android_Promo_26,novaleads_int,DE,Android,9.12
2026-08-15,847954966,CZ_iOS_Subscribe_09,orbit_network_int,CZ,iOS,52.75
2026-08-15,866666834,UA_iOS_Subscribe_01,clickwave_int,UA,iOS,18.65
2026-08-16,171845245,DE_Android_Install_06,clickwave_int,DE,Android,13.64
2026-08-16,182440508,CZ_Android_Trial_37,vertex_media_int,CZ,Android,37.77
2026-08-16,188620027,CZ_Android_Brand_17,vertex_media_int,CZ,Android,13.42
2026-08-16,231514479,DE_Android_Subscribe_33,vertex_media_int,DE,Android,11.84
2026-08-16,241515656,CZ_iOS_Subscribe_31,sunrise_ads_int,CZ,iOS,11.11
2026-08-16,261041331,US_iOS_Trial_02,pixelboost_int,US,iOS,20.76
2026-08-16,303699750,DE_Android_Install_34,novaleads_int,DE,Android,2.87
2026-08-16,343706964,UA_Android_Brand_39,orbit_network_int,UA,Android,11.59
2026-08-16,350109293,US_Android_Promo_32,clickwave_int,US,Android,88.2
2026-08-16,354249225,SK_iOS_Install_21,novaleads_int,SK,iOS,3.77
2026-08-16,368472490,US_iOS_Brand_18,sunrise_ads_int,US,iOS,4.68
2026-08-16,404931207,CZ_Android_Trial_30,clickwave_int,CZ,Android,88.84
2026-08-16,419425600,DE_iOS_Subscribe_08,novaleads_int,DE,iOS,9.21
2026-08-16,487820854,UA_Android_Promo_38,pixelboost_int,UA,Android,3.11
2026-08-16,503542490,CZ_Android_Install_28,sunrise_ads_int,CZ,Android,42.28
2026-08-16,514120953,CZ_iOS_Promo_29,pixelboost_int,CZ,iOS,21.12
2026-08-16,573235158,SK_Android_Retarget_36,vertex_media_int,SK,Android,2.79
2026-08-16,680088917,DE_iOS_Install_25,orbit_network_int,DE,iOS,50.26
2026-08-16,687506321,UA_iOS_Promo_16,clickwave_int,UA,iOS,0.0
2026-08-16,690477857,US_Android_Install_27,sunrise_ads_int,US,Android,5.2
2026-08-16,733984697,CZ_Android_Subscribe_11,pixelboost_int,CZ,Android,14.03
2026-08-16,755164014,CZ_Android_Promo_19,vertex_media_int,CZ,Android,12.25
2026-08-16,811466420,PL_iOS_Trial_10,pixelboost_int,PL,iOS,29.64
2026-08-16,843305731,DE_Android_Promo_26,novaleads_int,DE,Android,5.85
2026-08-16,847954966,CZ_iOS_Subscribe_09,orbit_network_int,CZ,iOS,53.38
2026-08-16,866666834,UA_iOS_Subscribe_01,clickwave_int,UA,iOS,9.67
2026-08-16,914629451,DE_iOS_Subscribe_12,vertex_media_int,DE,iOS,20.39
2026-08-17,171845245,DE_Android_Install_06,clickwave_int,DE,Android,10.41
2026-08-17,182440508,CZ_Android_Trial_37,vertex_media_int,CZ,Android,25.85
2026-08-17,188620027,CZ_Android_Brand_17,vertex_media_int,CZ,Android,22.47
2026-08-17,231514479,DE_Android_Subscribe_33,vertex_media_int,DE,Android,12.85
2026-08-17,241515656,CZ_iOS_Subscribe_31,sunrise_ads_int,CZ,iOS,13.77
2026-08-17,259617872,US_Android_Subscribe_14,vertex_media_int,US,Android,45.12
2026-08-17,261041331,US_iOS_Trial_02,pixelboost_int,US,iOS,15.88
2026-08-17,303699750,DE_Android_Install_34,novaleads_int,DE,Android,5.33
2026-08-17,343706964,UA_Android_Brand_39,orbit_network_int,UA,Android,7.1
2026-08-17,350109293,US_Android_Promo_32,clickwave_int,US,Android,47.03
2026-08-17,368472490,US_iOS_Brand_18,sunrise_ads_int,US,iOS,9.44
2026-08-17,404931207,CZ_Android_Trial_30,clickwave_int,CZ,Android,73.76
2026-08-17,419425600,DE_iOS_Subscribe_08,novaleads_int,DE,iOS,16.44
2026-08-17,487820854,UA_Android_Promo_38,pixelboost_int,UA,Android,3.56
2026-08-17,503542490,CZ_Android_Install_28,sunrise_ads_int,CZ,Android,56.13
2026-08-17,514120953,CZ_iOS_Promo_29,pixelboost_int,CZ,iOS,25.44
2026-08-17,573235158,SK_Android_Retarget_36,vertex_media_int,SK,Android,5.14
2026-08-17,679105989,PL_Android_Brand_07,vertex_media_int,PL,Android,34.4
2026-08-17,680088917,DE_iOS_Install_25,orbit_network_int,DE,iOS,37.19
2026-08-17,687506321,UA_iOS_Promo_16,clickwave_int,UA,iOS,0.0
2026-08-17,690477857,US_Android_Install_27,sunrise_ads_int,US,Android,9.64
2026-08-17,733984697,CZ_Android_Subscribe_11,pixelboost_int,CZ,Android,12.78
2026-08-17,755164014,CZ_Android_Promo_19,vertex_media_int,CZ,Android,9.15
2026-08-17,811466420,PL_iOS_Trial_10,pixelboost_int,PL,iOS,17.91
2026-08-17,843305731,DE_Android_Promo_26,novaleads_int,DE,Android,4.62
2026-08-17,847954966,CZ_iOS_Subscribe_09,orbit_network_int,CZ,iOS,39.79
2026-08-17,866666834,UA_iOS_Subscribe_01,clickwave_int,UA,iOS,6.38
2026-08-17,914629451,DE_iOS_Subscribe_12,vertex_media_int,DE,iOS,30.38
2026-08-18,171845245,DE_Android_Install_06,clickwave_int,DE,Android,17.66
2026-08-18,182440508,CZ_Android_Trial_37,vertex_media_int,CZ,Android,22.48
2026-08-18,188620027,CZ_Android_Brand_17,vertex_media_int,CZ,Android,10.64
2026-08-18,231514479,DE_Android_Subscribe_33,vertex_media_int,DE,Android,7.78
2026-08-18,241515656,CZ_iOS_Subscribe_31,sunrise_ads_int,CZ,iOS,16.89
2026-08-18,259617872,US_Android_Subscribe_14,vertex_media_int,US,Android,41.2
2026-08-18,303699750,DE_Android_Install_34,novaleads_int,DE,Android,4.45
2026-08-18,343706964,UA_Android_Brand_39,orbit_network_int,UA,Android,8.69
2026-08-18,350109293,US_Android_Promo_32,clickwave_int,US,Android,91.51
2026-08-18,354249225,SK_iOS_Install_21,novaleads_int,SK,iOS,4.4
2026-08-18,368472490,US_iOS_Brand_18,sunrise_ads_int,US,iOS,4.5
2026-08-18,404931207,CZ_Android_Trial_30,clickwave_int,CZ,Android,57.57
2026-08-18,419425600,DE_iOS_Subscribe_08,novaleads_int,DE,iOS,8.66
2026-08-18,487820854,UA_Android_Promo_38,pixelboost_int,UA,Android,3.22
2026-08-18,503542490,CZ_Android_Install_28,sunrise_ads_int,CZ,Android,30.91
2026-08-18,514120953,CZ_iOS_Promo_29,pixelboost_int,CZ,iOS,25.37
2026-08-18,573235158,SK_Android_Retarget_36,vertex_media_int,SK,Android,4.3
2026-08-18,680088917,DE_iOS_Install_25,orbit_network_int,DE,iOS,46.37
2026-08-18,687506321,UA_iOS_Promo_16,clickwave_int,UA,iOS,0.0
2026-08-18,690477857,US_Android_Install_27,sunrise_ads_int,US,Android,8.4
2026-08-18,733984697,CZ_Android_Subscribe_11,pixelboost_int,CZ,Android,5.97
2026-08-18,755164014,CZ_Android_Promo_19,vertex_media_int,CZ,Android,15.65
2026-08-18,811466420,PL_iOS_Trial_10,pixelboost_int,PL,iOS,25.15
2026-08-18,843305731,DE_Android_Promo_26,novaleads_int,DE,Android,7.07
2026-08-18,847954966,CZ_iOS_Subscribe_09,orbit_network_int,CZ,iOS,54.79
2026-08-18,866666834,UA_iOS_Subscribe_01,clickwave_int,UA,iOS,7.56
2026-08-18,872609410,CZ_iOS_Subscribe_15,clickwave_int,CZ,iOS,7.26
2026-08-18,914629451,DE_iOS_Subscribe_12,vertex_media_int,DE,iOS,18.34
2026-08-19,171845245,DE_Android_Install_06,clickwave_int,DE,Android,12.37
2026-08-19,182440508,CZ_Android_Trial_37,vertex_media_int,CZ,Android,26.97
2026-08-19,188620027,CZ_Android_Brand_17,vertex_media_int,CZ,Android,9.84
2026-08-19,231514479,DE_Android_Subscribe_33,vertex_media_int,DE,Android,7.23
2026-08-19,241515656,CZ_iOS_Subscribe_31,sunrise_ads_int,CZ,iOS,24.06
2026-08-19,259617872,US_Android_Subscribe_14,vertex_media_int,US,Android,62.91
2026-08-19,261041331,US_iOS_Trial_02,pixelboost_int,US,iOS,13.05
2026-08-19,303699750,DE_Android_Install_34,novaleads_int,DE,Android,5.42
2026-08-19,343706964,UA_Android_Brand_39,orbit_network_int,UA,Android,11.25
2026-08-19,350109293,US_Android_Promo_32,clickwave_int,US,Android,53.31
2026-08-19,354249225,SK_iOS_Install_21,novaleads_int,SK,iOS,5.64
2026-08-19,368472490,US_iOS_Brand_18,sunrise_ads_int,US,iOS,6.08
2026-08-19,404931207,CZ_Android_Trial_30,clickwave_int,CZ,Android,47.01
2026-08-19,419425600,DE_iOS_Subscribe_08,novaleads_int,DE,iOS,11.1
2026-08-19,487820854,UA_Android_Promo_38,pixelboost_int,UA,Android,2.06
2026-08-19,503542490,CZ_Android_Install_28,sunrise_ads_int,CZ,Android,36.42
2026-08-19,573235158,SK_Android_Retarget_36,vertex_media_int,SK,Android,3.54
2026-08-19,679105989,PL_Android_Brand_07,vertex_media_int,PL,Android,32.81
2026-08-19,680088917,DE_iOS_Install_25,orbit_network_int,DE,iOS,33.08
2026-08-19,687506321,UA_iOS_Promo_16,clickwave_int,UA,iOS,0.0
2026-08-19,690477857,US_Android_Install_27,sunrise_ads_int,US,Android,7.7
2026-08-19,733984697,CZ_Android_Subscribe_11,pixelboost_int,CZ,Android,10.08
2026-08-19,749087719,DE_iOS_Trial_13,orbit_network_int,DE,iOS,10.68
2026-08-19,755164014,CZ_Android_Promo_19,vertex_media_int,CZ,Android,6.99
2026-08-19,811466420,PL_iOS_Trial_10,pixelboost_int,PL,iOS,23.31
2026-08-19,843305731,DE_Android_Promo_26,novaleads_int,DE,Android,5.9
2026-08-19,847954966,CZ_iOS_Subscribe_09,orbit_network_int,CZ,iOS,50.66
2026-08-19,866666834,UA_iOS_Subscribe_01,clickwave_int,UA,iOS,6.96
2026-08-20,171845245,DE_Android_Install_06,clickwave_int,DE,Android,13.89
2026-08-20,182440508,CZ_Android_Trial_37,vertex_media_int,CZ,Android,25.06
2026-08-20,188620027,CZ_Android_Brand_17,vertex_media_int,CZ,Android,15.81
2026-08-20,231514479,DE_Android_Subscribe_33,vertex_media_int,DE,Android,9.02
2026-08-20,241515656,CZ_iOS_Subscribe_31,sunrise_ads_int,CZ,iOS,13.82
2026-08-20,259617872,US_Android_Subscribe_14,vertex_media_int,US,Android,46.96
2026-08-20,261041331,US_iOS_Trial_02,pixelboost_int,US,iOS,12.4
2026-08-20,303699750,DE_Android_Install_34,novaleads_int,DE,Android,3.81
2026-08-20,343706964,UA_Android_Brand_39,orbit_network_int,UA,Android,9.51
2026-08-20,350109293,US_Android_Promo_32,clickwave_int,US,Android,51.95
2026-08-20,354249225,SK_iOS_Install_21,novaleads_int,SK,iOS,3.93
2026-08-20,368472490,US_iOS_Brand_18,sunrise_ads_int,US,iOS,8.91
2026-08-20,404931207,CZ_Android_Trial_30,clickwave_int,CZ,Android,68.23
2026-08-20,419425600,DE_iOS_Subscribe_08,novaleads_int,DE,iOS,14.97
2026-08-20,487820854,UA_Android_Promo_38,pixelboost_int,UA,Android,3.13
2026-08-20,503542490,CZ_Android_Install_28,sunrise_ads_int,CZ,Android,74.29
2026-08-20,514120953,CZ_iOS_Promo_29,pixelboost_int,CZ,iOS,21.97
2026-08-20,573235158,SK_Android_Retarget_36,vertex_media_int,SK,Android,4.79
2026-08-20,679105989,PL_Android_Brand_07,vertex_media_int,PL,Android,37.45
2026-08-20,680088917,DE_iOS_Install_25,orbit_network_int,DE,iOS,57.08
2026-08-20,687506321,UA_iOS_Promo_16,clickwave_int,UA,iOS,0.0
2026-08-20,690477857,US_Android_Install_27,sunrise_ads_int,US,Android,4.16
2026-08-20,733984697,CZ_Android_Subscribe_11,pixelboost_int,CZ,Android,10.32
2026-08-20,749087719,DE_iOS_Trial_13,orbit_network_int,DE,iOS,15.09
2026-08-20,755164014,CZ_Android_Promo_19,vertex_media_int,CZ,Android,10.4
2026-08-20,811466420,PL_iOS_Trial_10,pixelboost_int,PL,iOS,19.42
2026-08-20,843305731,DE_Android_Promo_26,novaleads_int,DE,Android,12.02
2026-08-20,847954966,CZ_iOS_Subscribe_09,orbit_network_int,CZ,iOS,41.04
2026-08-20,872609410,CZ_iOS_Subscribe_15,clickwave_int,CZ,iOS,6.94
2026-08-20,914629451,DE_iOS_Subscribe_12,vertex_media_int,DE,iOS,15.38
2026-08-20,927865143,UA_iOS_Brand_20,clickwave_int,UA,iOS,41.86
2026-08-21,123775784,PL_Android_Install_03,clickwave_int,PL,Android,4.86
2026-08-21,171845245,DE_Android_Install_06,clickwave_int,DE,Android,12.38
2026-08-21,182440508,CZ_Android_Trial_37,vertex_media_int,CZ,Android,42.19
2026-08-21,188620027,CZ_Android_Brand_17,vertex_media_int,CZ,Android,18.53
2026-08-21,231514479,DE_Android_Subscribe_33,vertex_media_int,DE,Android,13.65
2026-08-21,241515656,CZ_iOS_Subscribe_31,sunrise_ads_int,CZ,iOS,19.99
2026-08-21,259617872,US_Android_Subscribe_14,vertex_media_int,US,Android,40.37
2026-08-21,303699750,DE_Android_Install_34,novaleads_int,DE,Android,4.25
2026-08-21,343706964,UA_Android_Brand_39,orbit_network_int,UA,Android,10.9
2026-08-21,350109293,US_Android_Promo_32,clickwave_int,US,Android,74.34
2026-08-21,368472490,US_iOS_Brand_18,sunrise_ads_int,US,iOS,3.39
2026-08-21,404931207,CZ_Android_Trial_30,clickwave_int,CZ,Android,57.69
2026-08-21,419425600,DE_iOS_Subscribe_08,novaleads_int,DE,iOS,6.51
2026-08-21,487820854,UA_Android_Promo_38,pixelboost_int,UA,Android,1.36
2026-08-21,503542490,CZ_Android_Install_28,sunrise_ads_int,CZ,Android,25.7
2026-08-21,514120953,CZ_iOS_Promo_29,pixelboost_int,CZ,iOS,17.74
2026-08-21,573235158,SK_Android_Retarget_36,vertex_media_int,SK,Android,3.62
2026-08-21,679105989,PL_Android_Brand_07,vertex_media_int,PL,Android,33.31
2026-08-21,680088917,DE_iOS_Install_25,orbit_network_int,DE,iOS,27.73
2026-08-21,687506321,UA_iOS_Promo_16,clickwave_int,UA,iOS,0.0
2026-08-21,690477857,US_Android_Install_27,sunrise_ads_int,US,Android,4.7
2026-08-21,733984697,CZ_Android_Subscribe_11,pixelboost_int,CZ,Android,12.8
2026-08-21,749087719,DE_iOS_Trial_13,orbit_network_int,DE,iOS,27.14
2026-08-21,755164014,CZ_Android_Promo_19,vertex_media_int,CZ,Android,9.93
2026-08-21,811466420,PL_iOS_Trial_10,pixelboost_int,PL,iOS,24.22
2026-08-21,843305731,DE_Android_Promo_26,novaleads_int,DE,Android,4.8
2026-08-21,847954966,CZ_iOS_Subscribe_09,orbit_network_int,CZ,iOS,26.08
2026-08-21,866666834,UA_iOS_Subscribe_01,clickwave_int,UA,iOS,12.02
2026-08-21,868417683,SK_iOS_Install_35,novaleads_int,SK,iOS,3.56
2026-08-21,872609410,CZ_iOS_Subscribe_15,clickwave_int,CZ,iOS,5.98
2026-08-21,914629451,DE_iOS_Subscribe_12,vertex_media_int,DE,iOS,25.84
2026-08-21,927865143,UA_iOS_Brand_20,clickwave_int,UA,iOS,96.29
2026-08-22,123775784,PL_Android_Install_03,clickwave_int,PL,Android,6.78
2026-08-22,171845245,DE_Android_Install_06,clickwave_int,DE,Android,9.34
2026-08-22,231514479,DE_Android_Subscribe_33,vertex_media_int,DE,Android,10.16
2026-08-22,241515656,CZ_iOS_Subscribe_31,sunrise_ads_int,CZ,iOS,10.93
2026-08-22,259617872,US_Android_Subscribe_14,vertex_media_int,US,Android,40.21
2026-08-22,261041331,US_iOS_Trial_02,pixelboost_int,US,iOS,28.39
2026-08-22,303699750,DE_Android_Install_34,novaleads_int,DE,Android,7.25
2026-08-22,343706964,UA_Android_Brand_39,orbit_network_int,UA,Android,6.88
2026-08-22,350109293,US_Android_Promo_32,clickwave_int,US,Android,65.28
2026-08-22,354249225,SK_iOS_Install_21,novaleads_int,SK,iOS,5.37
2026-08-22,368472490,US_iOS_Brand_18,sunrise_ads_int,US,iOS,6.15
2026-08-22,404931207,CZ_Android_Trial_30,clickwave_int,CZ,Android,46.08
2026-08-22,419425600,DE_iOS_Subscribe_08,novaleads_int,DE,iOS,8.29
2026-08-22,487820854,UA_Android_Promo_38,pixelboost_int,UA,Android,1.66
2026-08-22,503542490,CZ_Android_Install_28,sunrise_ads_int,CZ,Android,36.91
2026-08-22,514120953,CZ_iOS_Promo_29,pixelboost_int,CZ,iOS,36.28
2026-08-22,573235158,SK_Android_Retarget_36,vertex_media_int,SK,Android,3.14
2026-08-22,675921848,DE_iOS_Promo_04,pixelboost_int,DE,iOS,4.76
2026-08-22,679105989,PL_Android_Brand_07,vertex_media_int,PL,Android,48.7
2026-08-22,680088917,DE_iOS_Install_25,orbit_network_int,DE,iOS,39.47
2026-08-22,687506321,UA_iOS_Promo_16,clickwave_int,UA,iOS,0.0
2026-08-22,690477857,US_Android_Install_27,sunrise_ads_int,US,Android,6.71
2026-08-22,733984697,CZ_Android_Subscribe_11,pixelboost_int,CZ,Android,16.41
2026-08-22,777458886,SK_iOS_Brand_23,orbit_network_int,SK,iOS,55.84
2026-08-22,811466420,PL_iOS_Trial_10,pixelboost_int,PL,iOS,13.37
2026-08-22,843305731,DE_Android_Promo_26,novaleads_int,DE,Android,9.15
2026-08-22,847954966,CZ_iOS_Subscribe_09,orbit_network_int,CZ,iOS,44.65
2026-08-22,866666834,UA_iOS_Subscribe_01,clickwave_int,UA,iOS,9.96
2026-08-22,868417683,SK_iOS_Install_35,novaleads_int,SK,iOS,2.32
2026-08-22,872609410,CZ_iOS_Subscribe_15,clickwave_int,CZ,iOS,6.74
2026-08-22,914629451,DE_iOS_Subscribe_12,vertex_media_int,DE,iOS,29.85
2026-08-22,927865143,UA_iOS_Brand_20,clickwave_int,UA,iOS,89.22
2026-08-23,123775784,PL_Android_Install_03,clickwave_int,PL,Android,5.3
2026-08-23,171845245,DE_Android_Install_06,clickwave_int,DE,Android,8.64
2026-08-23,182440508,CZ_Android_Trial_37,vertex_media_int,CZ,Android,21.23
2026-08-23,188620027,CZ_Android_Brand_17,vertex_media_int,CZ,Android,13.32
2026-08-23,231514479,DE_Android_Subscribe_33,vertex_media_int,DE,Android,12.68
2026-08-23,241515656,CZ_iOS_Subscribe_31,sunrise_ads_int,CZ,iOS,20.37
2026-08-23,259617872,US_Android_Subscribe_14,vertex_media_int,US,Android,30.49
2026-08-23,261041331,US_iOS_Trial_02,pixelboost_int,US,iOS,19.93
2026-08-23,303699750,DE_Android_Install_34,novaleads_int,DE,Android,5.4
2026-08-23,343706964,UA_Android_Brand_39,orbit_network_int,UA,Android,11.3
2026-08-23,350109293,US_Android_Promo_32,clickwave_int,US,Android,76.93
2026-08-23,354249225,SK_iOS_Install_21,novaleads_int,SK,iOS,5.37
2026-08-23,404931207,CZ_Android_Trial_30,clickwave_int,CZ,Android,76.38
2026-08-23,419425600,DE_iOS_Subscribe_08,novaleads_int,DE,iOS,12.27
2026-08-23,487820854,UA_Android_Promo_38,pixelboost_int,UA,Android,1.83
2026-08-23,503542490,CZ_Android_Install_28,sunrise_ads_int,CZ,Android,23.71
2026-08-23,514120953,CZ_iOS_Promo_29,pixelboost_int,CZ,iOS,30.92
2026-08-23,573235158,SK_Android_Retarget_36,vertex_media_int,SK,Android,2.46
2026-08-23,675921848,DE_iOS_Promo_04,pixelboost_int,DE,iOS,5.08
2026-08-23,679105989,PL_Android_Brand_07,vertex_media_int,PL,Android,61.41
2026-08-23,680088917,DE_iOS_Install_25,orbit_network_int,DE,iOS,47.29
2026-08-23,687506321,UA_iOS_Promo_16,clickwave_int,UA,iOS,0.0
2026-08-23,690477857,US_Android_Install_27,sunrise_ads_int,US,Android,5.54
2026-08-23,733984697,CZ_Android_Subscribe_11,pixelboost_int,CZ,Android,16.58
2026-08-23,749087719,DE_iOS_Trial_13,orbit_network_int,DE,iOS,26.16
2026-08-23,755164014,CZ_Android_Promo_19,vertex_media_int,CZ,Android,11.68
2026-08-23,777458886,SK_iOS_Brand_23,orbit_network_int,SK,iOS,37.69
2026-08-23,811466420,PL_iOS_Trial_10,pixelboost_int,PL,iOS,24.94
2026-08-23,843305731,DE_Android_Promo_26,novaleads_int,DE,Android,7.65
2026-08-23,847954966,CZ_iOS_Subscribe_09,orbit_network_int,CZ,iOS,58.08
2026-08-23,866666834,UA_iOS_Subscribe_01,clickwave_int,UA,iOS,11.69
2026-08-23,868417683,SK_iOS_Install_35,novaleads_int,SK,iOS,3.7
2026-08-23,872609410,CZ_iOS_Subscribe_15,clickwave_int,CZ,iOS,4.29
2026-08-23,914629451,DE_iOS_Subscribe_12,vertex_media_int,DE,iOS,22.7
2026-08-23,927865143,UA_iOS_Brand_20,clickwave_int,UA,iOS,47.52
2026-08-24,123775784,PL_Android_Install_03,clickwave_int,PL,Android,3.37
2026-08-24,171845245,DE_Android_Install_06,clickwave_int,DE,Android,12.53
2026-08-24,182440508,CZ_Android_Trial_37,vertex_media_int,CZ,Android,16.08
2026-08-24,188620027,CZ_Android_Brand_17,vertex_media_int,CZ,Android,11.15
2026-08-24,231514479,DE_Android_Subscribe_33,vertex_media_int,DE,Android,11.6
2026-08-24,241515656,CZ_iOS_Subscribe_31,sunrise_ads_int,CZ,iOS,11.57
2026-08-24,259617872,US_Android_Subscribe_14,vertex_media_int,US,Android,81.69
2026-08-24,261041331,US_iOS_Trial_02,pixelboost_int,US,iOS,13.7
2026-08-24,303699750,DE_Android_Install_34,novaleads_int,DE,Android,4.29
2026-08-24,343706964,UA_Android_Brand_39,orbit_network_int,UA,Android,6.24
2026-08-24,350109293,US_Android_Promo_32,clickwave_int,US,Android,62.48
2026-08-24,354249225,SK_iOS_Install_21,novaleads_int,SK,iOS,4.24
2026-08-24,368472490,US_iOS_Brand_18,sunrise_ads_int,US,iOS,9.82
2026-08-24,404931207,CZ_Android_Trial_30,clickwave_int,CZ,Android,44.19
2026-08-24,419425600,DE_iOS_Subscribe_08,novaleads_int,DE,iOS,7.85
2026-08-24,487820854,UA_Android_Promo_38,pixelboost_int,UA,Android,3.07
2026-08-24,503542490,CZ_Android_Install_28,sunrise_ads_int,CZ,Android,53.27
2026-08-24,514120953,CZ_iOS_Promo_29,pixelboost_int,CZ,iOS,24.88
2026-08-24,573235158,SK_Android_Retarget_36,vertex_media_int,SK,Android,6.07
2026-08-24,643756776,PL_Android_Subscribe_22,sunrise_ads_int,PL,Android,67.45
2026-08-24,675921848,DE_iOS_Promo_04,pixelboost_int,DE,iOS,3.15
2026-08-24,679105989,PL_Android_Brand_07,vertex_media_int,PL,Android,38.02
2026-08-24,687506321,UA_iOS_Promo_16,clickwave_int,UA,iOS,0.0
2026-08-24,733984697,CZ_Android_Subscribe_11,pixelboost_int,CZ,Android,9.45
2026-08-24,749087719,DE_iOS_Trial_13,orbit_network_int,DE,iOS,18.64
2026-08-24,777458886,SK_iOS_Brand_23,orbit_network_int,SK,iOS,34.58
2026-08-24,811466420,PL_iOS_Trial_10,pixelboost_int,PL,iOS,24.79
2026-08-24,843305731,DE_Android_Promo_26,novaleads_int,DE,Android,9.38
2026-08-24,866666834,UA_iOS_Subscribe_01,clickwave_int,UA,iOS,9.31
2026-08-24,868417683,SK_iOS_Install_35,novaleads_int,SK,iOS,6.02
2026-08-24,872609410,CZ_iOS_Subscribe_15,clickwave_int,CZ,iOS,4.17
2026-08-24,914629451,DE_iOS_Subscribe_12,vertex_media_int,DE,iOS,24.96
2026-08-24,927865143,UA_iOS_Brand_20,clickwave_int,UA,iOS,71.27
2026-08-25,123775784,PL_Android_Install_03,clickwave_int,PL,Android,3.03
2026-08-25,171845245,DE_Android_Install_06,clickwave_int,DE,Android,10.31
2026-08-25,182440508,CZ_Android_Trial_37,vertex_media_int,CZ,Android,32.5
2026-08-25,188620027,CZ_Android_Brand_17,vertex_media_int,CZ,Android,15.47
2026-08-25,206214638,UA_iOS_Subscribe_24,vertex_media_int,UA,iOS,27.13
2026-08-25,231514479,DE_Android_Subscribe_33,vertex_media_int,DE,Android,8.22
2026-08-25,241515656,CZ_iOS_Subscribe_31,sunrise_ads_int,CZ,iOS,20.97
2026-08-25,259617872,US_Android_Subscribe_14,vertex_media_int,US,Android,54.66
2026-08-25,303699750,DE_Android_Install_34,novaleads_int,DE,Android,8.05
2026-08-25,350109293,US_Android_Promo_32,clickwave_int,US,Android,72.28
2026-08-25,354249225,SK_iOS_Install_21,novaleads_int,SK,iOS,3.57
2026-08-25,368472490,US_iOS_Brand_18,sunrise_ads_int,US,iOS,7.85
2026-08-25,404931207,CZ_Android_Trial_30,clickwave_int,CZ,Android,57.71
2026-08-25,487820854,UA_Android_Promo_38,pixelboost_int,UA,Android,5.27
2026-08-25,503542490,CZ_Android_Install_28,sunrise_ads_int,CZ,Android,53.98
2026-08-25,514120953,CZ_iOS_Promo_29,pixelboost_int,CZ,iOS,27.81
2026-08-25,573235158,SK_Android_Retarget_36,vertex_media_int,SK,Android,6.4
2026-08-25,643756776,PL_Android_Subscribe_22,sunrise_ads_int,PL,Android,22.96
2026-08-25,675921848,DE_iOS_Promo_04,pixelboost_int,DE,iOS,6.22
2026-08-25,679105989,PL_Android_Brand_07,vertex_media_int,PL,Android,34.61
2026-08-25,680088917,DE_iOS_Install_25,orbit_network_int,DE,iOS,41.11
2026-08-25,690477857,US_Android_Install_27,sunrise_ads_int,US,Android,6.97
2026-08-25,696862557,PL_iOS_Brand_40,vertex_media_int,PL,iOS,81.63
2026-08-25,733984697,CZ_Android_Subscribe_11,pixelboost_int,CZ,Android,23.72
2026-08-25,755164014,CZ_Android_Promo_19,vertex_media_int,CZ,Android,11.02
2026-08-25,777458886,SK_iOS_Brand_23,orbit_network_int,SK,iOS,26.45
2026-08-25,811466420,PL_iOS_Trial_10,pixelboost_int,PL,iOS,15.13
2026-08-25,843305731,DE_Android_Promo_26,novaleads_int,DE,Android,5.67
2026-08-25,847954966,CZ_iOS_Subscribe_09,orbit_network_int,CZ,iOS,79.06
2026-08-25,866666834,UA_iOS_Subscribe_01,clickwave_int,UA,iOS,12.72
2026-08-25,872609410,CZ_iOS_Subscribe_15,clickwave_int,CZ,iOS,3.46
2026-08-25,914629451,DE_iOS_Subscribe_12,vertex_media_int,DE,iOS,15.91
2026-08-26,123775784,PL_Android_Install_03,clickwave_int,PL,Android,5.11
2026-08-26,171845245,DE_Android_Install_06,clickwave_int,DE,Android,5.5
2026-08-26,182440508,CZ_Android_Trial_37,vertex_media_int,CZ,Android,41.17
2026-08-26,188620027,CZ_Android_Brand_17,vertex_media_int,CZ,Android,14.96
2026-08-26,206214638,UA_iOS_Subscribe_24,vertex_media_int,UA,iOS,25.75
2026-08-26,231514479,DE_Android_Subscribe_33,vertex_media_int,DE,Android,5.7
2026-08-26,241515656,CZ_iOS_Subscribe_31,sunrise_ads_int,CZ,iOS,13.71
2026-08-26,259617872,US_Android_Subscribe_14,vertex_media_int,US,Android,25.65
2026-08-26,261041331,US_iOS_Trial_02,pixelboost_int,US,iOS,16.81
2026-08-26,303699750,DE_Android_Install_34,novaleads_int,DE,Android,4.03
2026-08-26,343706964,UA_Android_Brand_39,orbit_network_int,UA,Android,9.77
2026-08-26,350109293,US_Android_Promo_32,clickwave_int,US,Android,53.02
2026-08-26,354249225,SK_iOS_Install_21,novaleads_int,SK,iOS,3.7
2026-08-26,368472490,US_iOS_Brand_18,sunrise_ads_int,US,iOS,13.4
2026-08-26,404931207,CZ_Android_Trial_30,clickwave_int,CZ,Android,37.4
2026-08-26,419425600,DE_iOS_Subscribe_08,novaleads_int,DE,iOS,10.32
2026-08-26,487820854,UA_Android_Promo_38,pixelboost_int,UA,Android,5.03
2026-08-26,503542490,CZ_Android_Install_28,sunrise_ads_int,CZ,Android,58.36
2026-08-26,514120953,CZ_iOS_Promo_29,pixelboost_int,CZ,iOS,30.0
2026-08-26,643756776,PL_Android_Subscribe_22,sunrise_ads_int,PL,Android,33.48
2026-08-26,675921848,DE_iOS_Promo_04,pixelboost_int,DE,iOS,5.07
2026-08-26,679105989,PL_Android_Brand_07,vertex_media_int,PL,Android,41.25
2026-08-26,680088917,DE_iOS_Install_25,orbit_network_int,DE,iOS,39.95
2026-08-26,690477857,US_Android_Install_27,sunrise_ads_int,US,Android,8.3
2026-08-26,696862557,PL_iOS_Brand_40,vertex_media_int,PL,iOS,200.01
2026-08-26,733984697,CZ_Android_Subscribe_11,pixelboost_int,CZ,Android,19.0
2026-08-26,749087719,DE_iOS_Trial_13,orbit_network_int,DE,iOS,26.97
2026-08-26,755164014,CZ_Android_Promo_19,vertex_media_int,CZ,Android,16.2
2026-08-26,811466420,PL_iOS_Trial_10,pixelboost_int,PL,iOS,17.79
2026-08-26,843305731,DE_Android_Promo_26,novaleads_int,DE,Android,10.27
2026-08-26,847954966,CZ_iOS_Subscribe_09,orbit_network_int,CZ,iOS,66.07
2026-08-26,866666834,UA_iOS_Subscribe_01,clickwave_int,UA,iOS,9.36
2026-08-26,872609410,CZ_iOS_Subscribe_15,clickwave_int,CZ,iOS,5.26
2026-08-26,914629451,DE_iOS_Subscribe_12,vertex_media_int,DE,iOS,25.88
2026-08-26,927865143,UA_iOS_Brand_20,clickwave_int,UA,iOS,114.7
2026-08-27,123775784,PL_Android_Install_03,clickwave_int,PL,Android,3.29
2026-08-27,171845245,DE_Android_Install_06,clickwave_int,DE,Android,14.18
2026-08-27,188620027,CZ_Android_Brand_17,vertex_media_int,CZ,Android,13.83
2026-08-27,231514479,DE_Android_Subscribe_33,vertex_media_int,DE,Android,9.24
2026-08-27,241515656,CZ_iOS_Subscribe_31,sunrise_ads_int,CZ,iOS,17.54
2026-08-27,259617872,US_Android_Subscribe_14,vertex_media_int,US,Android,43.11
2026-08-27,261041331,US_iOS_Trial_02,pixelboost_int,US,iOS,15.58
2026-08-27,303699750,DE_Android_Install_34,novaleads_int,DE,Android,5.38
2026-08-27,343706964,UA_Android_Brand_39,orbit_network_int,UA,Android,17.86
2026-08-27,350109293,US_Android_Promo_32,clickwave_int,US,Android,88.14
2026-08-27,354249225,SK_iOS_Install_21,novaleads_int,SK,iOS,5.37
2026-08-27,404931207,CZ_Android_Trial_30,clickwave_int,CZ,Android,82.81
2026-08-27,419425600,DE_iOS_Subscribe_08,novaleads_int,DE,iOS,9.19
2026-08-27,487820854,UA_Android_Promo_38,pixelboost_int,UA,Android,4.34
2026-08-27,503542490,CZ_Android_Install_28,sunrise_ads_int,CZ,Android,66.17
2026-08-27,514120953,CZ_iOS_Promo_29,pixelboost_int,CZ,iOS,32.26
2026-08-27,573235158,SK_Android_Retarget_36,vertex_media_int,SK,Android,3.75
2026-08-27,643756776,PL_Android_Subscribe_22,sunrise_ads_int,PL,Android,14.45
2026-08-27,675921848,DE_iOS_Promo_04,pixelboost_int,DE,iOS,6.34
2026-08-27,679105989,PL_Android_Brand_07,vertex_media_int,PL,Android,49.02
2026-08-27,680088917,DE_iOS_Install_25,orbit_network_int,DE,iOS,38.57
2026-08-27,690477857,US_Android_Install_27,sunrise_ads_int,US,Android,3.67
2026-08-27,696862557,PL_iOS_Brand_40,vertex_media_int,PL,iOS,120.14
2026-08-27,733984697,CZ_Android_Subscribe_11,pixelboost_int,CZ,Android,20.8
2026-08-27,749087719,DE_iOS_Trial_13,orbit_network_int,DE,iOS,17.1
2026-08-27,755164014,CZ_Android_Promo_19,vertex_media_int,CZ,Android,11.87
2026-08-27,811466420,PL_iOS_Trial_10,pixelboost_int,PL,iOS,22.83
2026-08-27,843305731,DE_Android_Promo_26,novaleads_int,DE,Android,10.7
2026-08-27,847954966,CZ_iOS_Subscribe_09,orbit_network_int,CZ,iOS,91.41
2026-08-27,866666834,UA_iOS_Subscribe_01,clickwave_int,UA,iOS,8.88
2026-08-27,868417683,SK_iOS_Install_35,novaleads_int,SK,iOS,4.61
2026-08-27,872609410,CZ_iOS_Subscribe_15,clickwave_int,CZ,iOS,7.34
2026-08-27,927865143,UA_iOS_Brand_20,clickwave_int,UA,iOS,38.61
2026-08-28,123775784,PL_Android_Install_03,clickwave_int,PL,Android,4.48
2026-08-28,171845245,DE_Android_Install_06,clickwave_int,DE,Android,10.95
2026-08-28,206214638,UA_iOS_Subscribe_24,vertex_media_int,UA,iOS,18.24
2026-08-28,231514479,DE_Android_Subscribe_33,vertex_media_int,DE,Android,9.18
2026-08-28,241515656,CZ_iOS_Subscribe_31,sunrise_ads_int,CZ,iOS,17.06
2026-08-28,259617872,US_Android_Subscribe_14,vertex_media_int,US,Android,41.78
2026-08-28,261041331,US_iOS_Trial_02,pixelboost_int,US,iOS,15.01
2026-08-28,343706964,UA_Android_Brand_39,orbit_network_int,UA,Android,7.77
2026-08-28,350109293,US_Android_Promo_32,clickwave_int,US,Android,71.17
2026-08-28,354249225,SK_iOS_Install_21,novaleads_int,SK,iOS,3.75
2026-08-28,368472490,US_iOS_Brand_18,sunrise_ads_int,US,iOS,8.27
2026-08-28,404931207,CZ_Android_Trial_30,clickwave_int,CZ,Android,36.15
2026-08-28,419425600,DE_iOS_Subscribe_08,novaleads_int,DE,iOS,14.06
2026-08-28,487820854,UA_Android_Promo_38,pixelboost_int,UA,Android,5.77
2026-08-28,503542490,CZ_Android_Install_28,sunrise_ads_int,CZ,Android,26.78
2026-08-28,573235158,SK_Android_Retarget_36,vertex_media_int,SK,Android,7.24
2026-08-28,643756776,PL_Android_Subscribe_22,sunrise_ads_int,PL,Android,43.02
2026-08-28,675921848,DE_iOS_Promo_04,pixelboost_int,DE,iOS,2.69
2026-08-28,679105989,PL_Android_Brand_07,vertex_media_int,PL,Android,33.95
2026-08-28,680088917,DE_iOS_Install_25,orbit_network_int,DE,iOS,45.17
2026-08-28,690477857,US_Android_Install_27,sunrise_ads_int,US,Android,4.8
2026-08-28,696862557,PL_iOS_Brand_40,vertex_media_int,PL,iOS,136.54
2026-08-28,733984697,CZ_Android_Subscribe_11,pixelboost_int,CZ,Android,6.88
2026-08-28,749087719,DE_iOS_Trial_13,orbit_network_int,DE,iOS,14.76
2026-08-28,755164014,CZ_Android_Promo_19,vertex_media_int,CZ,Android,9.72
2026-08-28,777458886,SK_iOS_Brand_23,orbit_network_int,SK,iOS,38.33
2026-08-28,843305731,DE_Android_Promo_26,novaleads_int,DE,Android,4.02
2026-08-28,847954966,CZ_iOS_Subscribe_09,orbit_network_int,CZ,iOS,35.76
2026-08-28,866666834,UA_iOS_Subscribe_01,clickwave_int,UA,iOS,7.55
2026-08-28,872609410,CZ_iOS_Subscribe_15,clickwave_int,CZ,iOS,4.48
2026-08-28,914629451,DE_iOS_Subscribe_12,vertex_media_int,DE,iOS,23.84
2026-08-28,927865143,UA_iOS_Brand_20,clickwave_int,UA,iOS,62.17
2026-08-29,123775784,PL_Android_Install_03,clickwave_int,PL,Android,3.72
2026-08-29,171845245,DE_Android_Install_06,clickwave_int,DE,Android,15.8
2026-08-29,182440508,CZ_Android_Trial_37,vertex_media_int,CZ,Android,31.65
2026-08-29,188620027,CZ_Android_Brand_17,vertex_media_int,CZ,Android,15.74
2026-08-29,206214638,UA_iOS_Subscribe_24,vertex_media_int,UA,iOS,12.6
2026-08-29,231514479,DE_Android_Subscribe_33,vertex_media_int,DE,Android,9.92
2026-08-29,241515656,CZ_iOS_Subscribe_31,sunrise_ads_int,CZ,iOS,11.83
2026-08-29,259617872,US_Android_Subscribe_14,vertex_media_int,US,Android,46.17
2026-08-29,261041331,US_iOS_Trial_02,pixelboost_int,US,iOS,15.94
2026-08-29,303699750,DE_Android_Install_34,novaleads_int,DE,Android,7.05
2026-08-29,343706964,UA_Android_Brand_39,orbit_network_int,UA,Android,10.92
2026-08-29,350109293,US_Android_Promo_32,clickwave_int,US,Android,50.79
2026-08-29,354249225,SK_iOS_Install_21,novaleads_int,SK,iOS,5.48
2026-08-29,368472490,US_iOS_Brand_18,sunrise_ads_int,US,iOS,6.74
2026-08-29,419425600,DE_iOS_Subscribe_08,novaleads_int,DE,iOS,8.79
2026-08-29,487820854,UA_Android_Promo_38,pixelboost_int,UA,Android,2.15
2026-08-29,573235158,SK_Android_Retarget_36,vertex_media_int,SK,Android,2.96
2026-08-29,643756776,PL_Android_Subscribe_22,sunrise_ads_int,PL,Android,28.77
2026-08-29,675921848,DE_iOS_Promo_04,pixelboost_int,DE,iOS,2.68
2026-08-29,679105989,PL_Android_Brand_07,vertex_media_int,PL,Android,18.5
2026-08-29,680088917,DE_iOS_Install_25,orbit_network_int,DE,iOS,32.01
2026-08-29,690477857,US_Android_Install_27,sunrise_ads_int,US,Android,9.16
2026-08-29,696862557,PL_iOS_Brand_40,vertex_media_int,PL,iOS,93.88
2026-08-29,733984697,CZ_Android_Subscribe_11,pixelboost_int,CZ,Android,15.48
2026-08-29,749087719,DE_iOS_Trial_13,orbit_network_int,DE,iOS,20.87
2026-08-29,755164014,CZ_Android_Promo_19,vertex_media_int,CZ,Android,13.27
2026-08-29,777458886,SK_iOS_Brand_23,orbit_network_int,SK,iOS,25.16
2026-08-29,843305731,DE_Android_Promo_26,novaleads_int,DE,Android,13.49
2026-08-29,847954966,CZ_iOS_Subscribe_09,orbit_network_int,CZ,iOS,40.37
2026-08-29,866666834,UA_iOS_Subscribe_01,clickwave_int,UA,iOS,8.46
2026-08-29,868417683,SK_iOS_Install_35,novaleads_int,SK,iOS,2.34
2026-08-29,872609410,CZ_iOS_Subscribe_15,clickwave_int,CZ,iOS,6.47
2026-08-29,914629451,DE_iOS_Subscribe_12,vertex_media_int,DE,iOS,22.48
2026-08-29,927865143,UA_iOS_Brand_20,clickwave_int,UA,iOS,68.86
2026-08-30,123775784,PL_Android_Install_03,clickwave_int,PL,Android,5.4
2026-08-30,171845245,DE_Android_Install_06,clickwave_int,DE,Android,15.39
2026-08-30,182440508,CZ_Android_Trial_37,vertex_media_int,CZ,Android,32.62
2026-08-30,188620027,CZ_Android_Brand_17,vertex_media_int,CZ,Android,8.93
2026-08-30,206214638,UA_iOS_Subscribe_24,vertex_media_int,UA,iOS,15.46
2026-08-30,231514479,DE_Android_Subscribe_33,vertex_media_int,DE,Android,8.06
2026-08-30,241515656,CZ_iOS_Subscribe_31,sunrise_ads_int,CZ,iOS,23.0
2026-08-30,259617872,US_Android_Subscribe_14,vertex_media_int,US,Android,58.82
2026-08-30,261041331,US_iOS_Trial_02,pixelboost_int,US,iOS,21.22
2026-08-30,303699750,DE_Android_Install_34,novaleads_int,DE,Android,5.57
2026-08-30,343706964,UA_Android_Brand_39,orbit_network_int,UA,Android,8.91
2026-08-30,350109293,US_Android_Promo_32,clickwave_int,US,Android,95.2
2026-08-30,354249225,SK_iOS_Install_21,novaleads_int,SK,iOS,9.31
2026-08-30,368472490,US_iOS_Brand_18,sunrise_ads_int,US,iOS,13.45
2026-08-30,404931207,CZ_Android_Trial_30,clickwave_int,CZ,Android,58.78
2026-08-30,419425600,DE_iOS_Subscribe_08,novaleads_int,DE,iOS,6.29
2026-08-30,487820854,UA_Android_Promo_38,pixelboost_int,UA,Android,4.74
2026-08-30,503542490,CZ_Android_Install_28,sunrise_ads_int,CZ,Android,29.64
2026-08-30,514120953,CZ_iOS_Promo_29,pixelboost_int,CZ,iOS,22.38
2026-08-30,573235158,SK_Android_Retarget_36,vertex_media_int,SK,Android,3.42
2026-08-30,643756776,PL_Android_Subscribe_22,sunrise_ads_int,PL,Android,27.42
2026-08-30,675921848,DE_iOS_Promo_04,pixelboost_int,DE,iOS,3.03
2026-08-30,679105989,PL_Android_Brand_07,vertex_media_int,PL,Android,29.5
2026-08-30,680088917,DE_iOS_Install_25,orbit_network_int,DE,iOS,36.09
2026-08-30,690477857,US_Android_Install_27,sunrise_ads_int,US,Android,5.98
2026-08-30,696862557,PL_iOS_Brand_40,vertex_media_int,PL,iOS,106.43
2026-08-30,733984697,CZ_Android_Subscribe_11,pixelboost_int,CZ,Android,14.98
2026-08-30,749087719,DE_iOS_Trial_13,orbit_network_int,DE,iOS,20.35
2026-08-30,755164014,CZ_Android_Promo_19,vertex_media_int,CZ,Android,11.6
2026-08-30,777458886,SK_iOS_Brand_23,orbit_network_int,SK,iOS,35.84
2026-08-30,811466420,PL_iOS_Trial_10,pixelboost_int,PL,iOS,9.77
2026-08-30,843305731,DE_Android_Promo_26,novaleads_int,DE,Android,6.61
2026-08-30,847954966,CZ_iOS_Subscribe_09,orbit_network_int,CZ,iOS,91.28
2026-08-30,866666834,UA_iOS_Subscribe_01,clickwave_int,UA,iOS,6.95
2026-08-30,868417683,SK_iOS_Install_35,novaleads_int,SK,iOS,3.49
2026-08-30,872609410,CZ_iOS_Subscribe_15,clickwave_int,CZ,iOS,3.86
2026-08-30,914629451,DE_iOS_Subscribe_12,vertex_media_int,DE,iOS,24.84
2026-08-30,927865143,UA_iOS_Brand_20,clickwave_int,UA,iOS,84.69
2026-08-31,123775784,PL_Android_Install_03,clickwave_int,PL,Android,3.15
2026-08-31,182440508,CZ_Android_Trial_37,vertex_media_int,CZ,Android,44.28
2026-08-31,188620027,CZ_Android_Brand_17,vertex_media_int,CZ,Android,20.89
2026-08-31,206214638,UA_iOS_Subscribe_24,vertex_media_int,UA,iOS,30.36
2026-08-31,231514479,DE_Android_Subscribe_33,vertex_media_int,DE,Android,8.61
2026-08-31,241515656,CZ_iOS_Subscribe_31,sunrise_ads_int,CZ,iOS,21.61
2026-08-31,259617872,US_Android_Subscribe_14,vertex_media_int,US,Android,46.7
2026-08-31,261041331,US_iOS_Trial_02,pixelboost_int,US,iOS,21.67
2026-08-31,303699750,DE_Android_Install_34,novaleads_int,DE,Android,6.86
2026-08-31,343706964,UA_Android_Brand_39,orbit_network_int,UA,Android,12.98
2026-08-31,354249225,SK_iOS_Install_21,novaleads_int,SK,iOS,7.2
2026-08-31,368472490,US_iOS_Brand_18,sunrise_ads_int,US,iOS,5.41
2026-08-31,404931207,CZ_Android_Trial_30,clickwave_int,CZ,Android,66.8
2026-08-31,419425600,DE_iOS_Subscribe_08,novaleads_int,DE,iOS,11.16
2026-08-31,487820854,UA_Android_Promo_38,pixelboost_int,UA,Android,3.24
2026-08-31,503542490,CZ_Android_Install_28,sunrise_ads_int,CZ,Android,51.65
2026-08-31,514120953,CZ_iOS_Promo_29,pixelboost_int,CZ,iOS,20.15
2026-08-31,573235158,SK_Android_Retarget_36,vertex_media_int,SK,Android,4.04
2026-08-31,643756776,PL_Android_Subscribe_22,sunrise_ads_int,PL,Android,27.71
2026-08-31,675921848,DE_iOS_Promo_04,pixelboost_int,DE,iOS,3.77
2026-08-31,679105989,PL_Android_Brand_07,vertex_media_int,PL,Android,30.27
2026-08-31,680088917,DE_iOS_Install_25,orbit_network_int,DE,iOS,58.25
2026-08-31,690477857,US_Android_Install_27,sunrise_ads_int,US,Android,7.06
2026-08-31,696862557,PL_iOS_Brand_40,vertex_media_int,PL,iOS,98.07
2026-08-31,733984697,CZ_Android_Subscribe_11,pixelboost_int,CZ,Android,11.98
2026-08-31,749087719,DE_iOS_Trial_13,orbit_network_int,DE,iOS,28.94
2026-08-31,755164014,CZ_Android_Promo_19,vertex_media_int,CZ,Android,10.81
2026-08-31,777458886,SK_iOS_Brand_23,orbit_network_int,SK,iOS,57.26
2026-08-31,811466420,PL_iOS_Trial_10,pixelboost_int,PL,iOS,21.39
2026-08-31,843305731,DE_Android_Promo_26,novaleads_int,DE,Android,11.57
2026-08-31,847954966,CZ_iOS_Subscribe_09,orbit_network_int,CZ,iOS,39.12
2026-08-31,866666834,UA_iOS_Subscribe_01,clickwave_int,UA,iOS,9.75
2026-08-31,868417683,SK_iOS_Install_35,novaleads_int,SK,iOS,3.54
2026-08-31,872609410,CZ_iOS_Subscribe_15,clickwave_int,CZ,iOS,7.3
2026-08-31,914629451,DE_iOS_Subscribe_12,vertex_media_int,DE,iOS,21.44
2026-08-31,927865143,UA_iOS_Brand_20,clickwave_int,UA,iOS,73.49
2026-09-01,123775784,PL_Android_Install_03,clickwave_int,PL,Android,5.29
2026-09-01,171845245,DE_Android_Install_06,clickwave_int,DE,Android,14.3
2026-09-01,182440508,CZ_Android_Trial_37,vertex_media_int,CZ,Android,18.86
2026-09-01,188620027,CZ_Android_Brand_17,vertex_media_int,CZ,Android,18.51
2026-09-01,206214638,UA_iOS_Subscribe_24,vertex_media_int,UA,iOS,13.58
2026-09-01,231514479,DE_Android_Subscribe_33,vertex_media_int,DE,Android,8.26
2026-09-01,241515656,CZ_iOS_Subscribe_31,sunrise_ads_int,CZ,iOS,13.44
2026-09-01,259617872,US_Android_Subscribe_14,vertex_media_int,US,Android,34.09
2026-09-01,261041331,US_iOS_Trial_02,pixelboost_int,US,iOS,26.78
2026-09-01,303699750,DE_Android_Install_34,novaleads_int,DE,Android,3.03
2026-09-01,350109293,US_Android_Promo_32,clickwave_int,US,Android,46.63
2026-09-01,354249225,SK_iOS_Install_21,novaleads_int,SK,iOS,6.01
2026-09-01,368472490,US_iOS_Brand_18,sunrise_ads_int,US,iOS,9.05
2026-09-01,404931207,CZ_Android_Trial_30,clickwave_int,CZ,Android,64.11
2026-09-01,419425600,DE_iOS_Subscribe_08,novaleads_int,DE,iOS,9.12
2026-09-01,487820854,UA_Android_Promo_38,pixelboost_int,UA,Android,5.1
2026-09-01,503542490,CZ_Android_Install_28,sunrise_ads_int,CZ,Android,42.39
2026-09-01,514120953,CZ_iOS_Promo_29,pixelboost_int,CZ,iOS,25.15
2026-09-01,573235158,SK_Android_Retarget_36,vertex_media_int,SK,Android,5.45
2026-09-01,643756776,PL_Android_Subscribe_22,sunrise_ads_int,PL,Android,30.0
2026-09-01,675921848,DE_iOS_Promo_04,pixelboost_int,DE,iOS,3.89
2026-09-01,679105989,PL_Android_Brand_07,vertex_media_int,PL,Android,32.77
2026-09-01,680088917,DE_iOS_Install_25,orbit_network_int,DE,iOS,30.23
2026-09-01,690477857,US_Android_Install_27,sunrise_ads_int,US,Android,9.58
2026-09-01,696862557,PL_iOS_Brand_40,vertex_media_int,PL,iOS,125.83
2026-09-01,733984697,CZ_Android_Subscribe_11,pixelboost_int,CZ,Android,19.31
2026-09-01,749087719,DE_iOS_Trial_13,orbit_network_int,DE,iOS,25.5
2026-09-01,755164014,CZ_Android_Promo_19,vertex_media_int,CZ,Android,7.91
2026-09-01,777458886,SK_iOS_Brand_23,orbit_network_int,SK,iOS,14.12
2026-09-01,811466420,PL_iOS_Trial_10,pixelboost_int,PL,iOS,15.34
2026-09-01,843305731,DE_Android_Promo_26,novaleads_int,DE,Android,5.87
2026-09-01,847954966,CZ_iOS_Subscribe_09,orbit_network_int,CZ,iOS,53.35
2026-09-01,866666834,UA_iOS_Subscribe_01,clickwave_int,UA,iOS,6.99
2026-09-01,868417683,SK_iOS_Install_35,novaleads_int,SK,iOS,3.61
2026-09-01,872609410,CZ_iOS_Subscribe_15,clickwave_int,CZ,iOS,5.08
2026-09-01,914629451,DE_iOS_Subscribe_12,vertex_media_int,DE,iOS,19.51
2026-09-01,927865143,UA_iOS_Brand_20,clickwave_int,UA,iOS,54.21
2026-09-02,123775784,PL_Android_Install_03,clickwave_int,PL,Android,3.53
2026-09-02,171845245,DE_Android_Install_06,clickwave_int,DE,Android,12.49
2026-09-02,182440508,CZ_Android_Trial_37,vertex_media_int,CZ,Android,38.68
2026-09-02,188620027,CZ_Android_Brand_17,vertex_media_int,CZ,Android,6.03
2026-09-02,206214638,UA_iOS_Subscribe_24,vertex_media_int,UA,iOS,38.24
2026-09-02,241515656,CZ_iOS_Subscribe_31,sunrise_ads_int,CZ,iOS,22.59
2026-09-02,259617872,US_Android_Subscribe_14,vertex_media_int,US,Android,57.63
2026-09-02,261041331,US_iOS_Trial_02,pixelboost_int,US,iOS,14.01
2026-09-02,303699750,DE_Android_Install_34,novaleads_int,DE,Android,2.75
2026-09-02,343706964,UA_Android_Brand_39,orbit_network_int,UA,Android,7.01
2026-09-02,350109293,US_Android_Promo_32,clickwave_int,US,Android,63.92
2026-09-02,354249225,SK_iOS_Install_21,novaleads_int,SK,iOS,6.31
2026-09-02,368472490,US_iOS_Brand_18,sunrise_ads_int,US,iOS,4.99
2026-09-02,404931207,CZ_Android_Trial_30,clickwave_int,CZ,Android,36.97
2026-09-02,419425600,DE_iOS_Subscribe_08,novaleads_int,DE,iOS,12.58
2026-09-02,487820854,UA_Android_Promo_38,pixelboost_int,UA,Android,3.84
2026-09-02,503542490,CZ_Android_Install_28,sunrise_ads_int,CZ,Android,45.13
2026-09-02,514120953,CZ_iOS_Promo_29,pixelboost_int,CZ,iOS,42.51
2026-09-02,573235158,SK_Android_Retarget_36,vertex_media_int,SK,Android,4.08
2026-09-02,675921848,DE_iOS_Promo_04,pixelboost_int,DE,iOS,4.8
2026-09-02,679105989,PL_Android_Brand_07,vertex_media_int,PL,Android,67.54
2026-09-02,680088917,DE_iOS_Install_25,orbit_network_int,DE,iOS,38.25
2026-09-02,690477857,US_Android_Install_27,sunrise_ads_int,US,Android,5.86
2026-09-02,696862557,PL_iOS_Brand_40,vertex_media_int,PL,iOS,105.12
2026-09-02,733984697,CZ_Android_Subscribe_11,pixelboost_int,CZ,Android,12.85
2026-09-02,749087719,DE_iOS_Trial_13,orbit_network_int,DE,iOS,17.64
2026-09-02,755164014,CZ_Android_Promo_19,vertex_media_int,CZ,Android,11.36
2026-09-02,777458886,SK_iOS_Brand_23,orbit_network_int,SK,iOS,22.91
2026-09-02,811466420,PL_iOS_Trial_10,pixelboost_int,PL,iOS,15.3
2026-09-02,843305731,DE_Android_Promo_26,novaleads_int,DE,Android,7.07
2026-09-02,847954966,CZ_iOS_Subscribe_09,orbit_network_int,CZ,iOS,37.56
2026-09-02,866666834,UA_iOS_Subscribe_01,clickwave_int,UA,iOS,11.93
2026-09-02,868417683,SK_iOS_Install_35,novaleads_int,SK,iOS,2.29
2026-09-02,872609410,CZ_iOS_Subscribe_15,clickwave_int,CZ,iOS,16.41
2026-09-02,914629451,DE_iOS_Subscribe_12,vertex_media_int,DE,iOS,22.36
2026-09-02,927865143,UA_iOS_Brand_20,clickwave_int,UA,iOS,77.46
2026-09-03,123775784,PL_Android_Install_03,clickwave_int,PL,Android,5.64
2026-09-03,171845245,DE_Android_Install_06,clickwave_int,DE,Android,7.89
2026-09-03,188620027,CZ_Android_Brand_17,vertex_media_int,CZ,Android,12.3
2026-09-03,206214638,UA_iOS_Subscribe_24,vertex_media_int,UA,iOS,24.75
2026-09-03,231514479,DE_Android_Subscribe_33,vertex_media_int,DE,Android,9.04
2026-09-03,241515656,CZ_iOS_Subscribe_31,sunrise_ads_int,CZ,iOS,16.44
2026-09-03,259617872,US_Android_Subscribe_14,vertex_media_int,US,Android,61.46
2026-09-03,261041331,US_iOS_Trial_02,pixelboost_int,US,iOS,12.54
2026-09-03,303699750,DE_Android_Install_34,novaleads_int,DE,Android,3.19
2026-09-03,343706964,UA_Android_Brand_39,orbit_network_int,UA,Android,7.69
2026-09-03,350109293,US_Android_Promo_32,clickwave_int,US,Android,61.86
2026-09-03,354249225,SK_iOS_Install_21,novaleads_int,SK,iOS,5.65
2026-09-03,404931207,CZ_Android_Trial_30,clickwave_int,CZ,Android,62.22
2026-09-03,419425600,DE_iOS_Subscribe_08,novaleads_int,DE,iOS,8.96
2026-09-03,487820854,UA_Android_Promo_38,pixelboost_int,UA,Android,2.91
2026-09-03,503542490,CZ_Android_Install_28,sunrise_ads_int,CZ,Android,69.56
2026-09-03,514120953,CZ_iOS_Promo_29,pixelboost_int,CZ,iOS,14.38
2026-09-03,573235158,SK_Android_Retarget_36,vertex_media_int,SK,Android,5.68
2026-09-03,643756776,PL_Android_Subscribe_22,sunrise_ads_int,PL,Android,31.91
2026-09-03,675921848,DE_iOS_Promo_04,pixelboost_int,DE,iOS,5.48
2026-09-03,679105989,PL_Android_Brand_07,vertex_media_int,PL,Android,46.12
2026-09-03,680088917,DE_iOS_Install_25,orbit_network_int,DE,iOS,26.63
2026-09-03,690477857,US_Android_Install_27,sunrise_ads_int,US,Android,6.25
2026-09-03,696862557,PL_iOS_Brand_40,vertex_media_int,PL,iOS,135.14
2026-09-03,733984697,CZ_Android_Subscribe_11,pixelboost_int,CZ,Android,14.84
2026-09-03,749087719,DE_iOS_Trial_13,orbit_network_int,DE,iOS,17.72
2026-09-03,755164014,CZ_Android_Promo_19,vertex_media_int,CZ,Android,12.51
2026-09-03,777458886,SK_iOS_Brand_23,orbit_network_int,SK,iOS,39.23
2026-09-03,811466420,PL_iOS_Trial_10,pixelboost_int,PL,iOS,14.98
2026-09-03,843305731,DE_Android_Promo_26,novaleads_int,DE,Android,10.5
2026-09-03,847954966,CZ_iOS_Subscribe_09,orbit_network_int,CZ,iOS,29.24
2026-09-03,866666834,UA_iOS_Subscribe_01,clickwave_int,UA,iOS,7.33
2026-09-03,868417683,SK_iOS_Install_35,novaleads_int,SK,iOS,3.22
2026-09-03,872609410,CZ_iOS_Subscribe_15,clickwave_int,CZ,iOS,6.94
2026-09-03,914629451,DE_iOS_Subscribe_12,vertex_media_int,DE,iOS,28.75
2026-09-03,927865143,UA_iOS_Brand_20,clickwave_int,UA,iOS,99.07
2026-09-04,123775784,PL_Android_Install_03,clickwave_int,PL,Android,8.62
2026-09-04,171845245,DE_Android_Install_06,clickwave_int,DE,Android,13.38
2026-09-04,182440508,CZ_Android_Trial_37,vertex_media_int,CZ,Android,37.26
2026-09-04,206214638,UA_iOS_Subscribe_24,vertex_media_int,UA,iOS,16.21
2026-09-04,231514479,DE_Android_Subscribe_33,vertex_media_int,DE,Android,7.51
2026-09-04,241515656,CZ_iOS_Subscribe_31,sunrise_ads_int,CZ,iOS,10.7
2026-09-04,259617872,US_Android_Subscribe_14,vertex_media_int,US,Android,62.28
2026-09-04,261041331,US_iOS_Trial_02,pixelboost_int,US,iOS,12.17
2026-09-04,303699750,DE_Android_Install_34,novaleads_int,DE,Android,3.64
2026-09-04,343706964,UA_Android_Brand_39,orbit_network_int,UA,Android,10.86
2026-09-04,350109293,US_Android_Promo_32,clickwave_int,US,Android,71.37
2026-09-04,354249225,SK_iOS_Install_21,novaleads_int,SK,iOS,5.83
2026-09-04,368472490,US_iOS_Brand_18,sunrise_ads_int,US,iOS,7.24
2026-09-04,404931207,CZ_Android_Trial_30,clickwave_int,CZ,Android,59.57
2026-09-04,419425600,DE_iOS_Subscribe_08,novaleads_int,DE,iOS,8.39
2026-09-04,487820854,UA_Android_Promo_38,pixelboost_int,UA,Android,6.7
2026-09-04,503542490,CZ_Android_Install_28,sunrise_ads_int,CZ,Android,39.39
2026-09-04,514120953,CZ_iOS_Promo_29,pixelboost_int,CZ,iOS,22.74
2026-09-04,573235158,SK_Android_Retarget_36,vertex_media_int,SK,Android,3.05
2026-09-04,643756776,PL_Android_Subscribe_22,sunrise_ads_int,PL,Android,31.6
2026-09-04,675921848,DE_iOS_Promo_04,pixelboost_int,DE,iOS,4.86
2026-09-04,679105989,PL_Android_Brand_07,vertex_media_int,PL,Android,31.11
2026-09-04,690477857,US_Android_Install_27,sunrise_ads_int,US,Android,6.22
2026-09-04,696862557,PL_iOS_Brand_40,vertex_media_int,PL,iOS,105.34
2026-09-04,733984697,CZ_Android_Subscribe_11,pixelboost_int,CZ,Android,12.43
2026-09-04,749087719,DE_iOS_Trial_13,orbit_network_int,DE,iOS,23.31
2026-09-04,755164014,CZ_Android_Promo_19,vertex_media_int,CZ,Android,9.04
2026-09-04,777458886,SK_iOS_Brand_23,orbit_network_int,SK,iOS,16.03
2026-09-04,811466420,PL_iOS_Trial_10,pixelboost_int,PL,iOS,8.77
2026-09-04,843305731,DE_Android_Promo_26,novaleads_int,DE,Android,6.57
2026-09-04,847954966,CZ_iOS_Subscribe_09,orbit_network_int,CZ,iOS,53.4
2026-09-04,866666834,UA_iOS_Subscribe_01,clickwave_int,UA,iOS,10.02
2026-09-04,868417683,SK_iOS_Install_35,novaleads_int,SK,iOS,1.95
2026-09-04,872609410,CZ_iOS_Subscribe_15,clickwave_int,CZ,iOS,4.67
2026-09-04,914629451,DE_iOS_Subscribe_12,vertex_media_int,DE,iOS,25.64
2026-09-04,927865143,UA_iOS_Brand_20,clickwave_int,UA,iOS,112.67
2026-09-05,123775784,PL_Android_Install_03,clickwave_int,PL,Android,3.35
2026-09-05,182440508,CZ_Android_Trial_37,vertex_media_int,CZ,Android,38.59
2026-09-05,188620027,CZ_Android_Brand_17,vertex_media_int,CZ,Android,13.19
2026-09-05,206214638,UA_iOS_Subscribe_24,vertex_media_int,UA,iOS,19.76
2026-09-05,231514479,DE_Android_Subscribe_33,vertex_media_int,DE,Android,11.88
2026-09-05,241515656,CZ_iOS_Subscribe_31,sunrise_ads_int,CZ,iOS,25.56
2026-09-05,261041331,US_iOS_Trial_02,pixelboost_int,US,iOS,42.1
2026-09-05,303699750,DE_Android_Install_34,novaleads_int,DE,Android,5.62
2026-09-05,343706964,UA_Android_Brand_39,orbit_network_int,UA,Android,12.28
2026-09-05,350109293,US_Android_Promo_32,clickwave_int,US,Android,92.56
2026-09-05,354249225,SK_iOS_Install_21,novaleads_int,SK,iOS,5.05
2026-09-05,368472490,US_iOS_Brand_18,sunrise_ads_int,US,iOS,7.08
2026-09-05,404931207,CZ_Android_Trial_30,clickwave_int,CZ,Android,26.17
2026-09-05,503542490,CZ_Android_Install_28,sunrise_ads_int,CZ,Android,62.43
2026-09-05,573235158,SK_Android_Retarget_36,vertex_media_int,SK,Android,5.93
2026-09-05,643756776,PL_Android_Subscribe_22,sunrise_ads_int,PL,Android,39.75
2026-09-05,675921848,DE_iOS_Promo_04,pixelboost_int,DE,iOS,4.97
2026-09-05,679105989,PL_Android_Brand_07,vertex_media_int,PL,Android,26.94
2026-09-05,680088917,DE_iOS_Install_25,orbit_network_int,DE,iOS,33.57
2026-09-05,690477857,US_Android_Install_27,sunrise_ads_int,US,Android,8.39
2026-09-05,696862557,PL_iOS_Brand_40,vertex_media_int,PL,iOS,124.62
2026-09-05,733984697,CZ_Android_Subscribe_11,pixelboost_int,CZ,Android,11.71
2026-09-05,749087719,DE_iOS_Trial_13,orbit_network_int,DE,iOS,22.23
2026-09-05,755164014,CZ_Android_Promo_19,vertex_media_int,CZ,Android,16.05
2026-09-05,811466420,PL_iOS_Trial_10,pixelboost_int,PL,iOS,34.13
2026-09-05,843305731,DE_Android_Promo_26,novaleads_int,DE,Android,7.84
2026-09-05,847954966,CZ_iOS_Subscribe_09,orbit_network_int,CZ,iOS,52.7
2026-09-05,866666834,UA_iOS_Subscribe_01,clickwave_int,UA,iOS,8.31
2026-09-05,868417683,SK_iOS_Install_35,novaleads_int,SK,iOS,3.4
2026-09-05,872609410,CZ_iOS_Subscribe_15,clickwave_int,CZ,iOS,11.61
2026-09-05,914629451,DE_iOS_Subscribe_12,vertex_media_int,DE,iOS,20.39
2026-09-05,927865143,UA_iOS_Brand_20,clickwave_int,UA,iOS,51.16
2026-09-06,123775784,PL_Android_Install_03,clickwave_int,PL,Android,3.49
2026-09-06,171845245,DE_Android_Install_06,clickwave_int,DE,Android,8.18
2026-09-06,182440508,CZ_Android_Trial_37,vertex_media_int,CZ,Android,32.16
2026-09-06,188620027,CZ_Android_Brand_17,vertex_media_int,CZ,Android,12.29
2026-09-06,206214638,UA_iOS_Subscribe_24,vertex_media_int,UA,iOS,22.04
2026-09-06,241515656,CZ_iOS_Subscribe_31,sunrise_ads_int,CZ,iOS,18.92
2026-09-06,259617872,US_Android_Subscribe_14,vertex_media_int,US,Android,46.73
2026-09-06,261041331,US_iOS_Trial_02,pixelboost_int,US,iOS,21.54
2026-09-06,303699750,DE_Android_Install_34,novaleads_int,DE,Android,5.32
2026-09-06,343706964,UA_Android_Brand_39,orbit_network_int,UA,Android,6.1
2026-09-06,350109293,US_Android_Promo_32,clickwave_int,US,Android,84.89
2026-09-06,354249225,SK_iOS_Install_21,novaleads_int,SK,iOS,4.0
2026-09-06,368472490,US_iOS_Brand_18,sunrise_ads_int,US,iOS,6.1
2026-09-06,404931207,CZ_Android_Trial_30,clickwave_int,CZ,Android,30.51
2026-09-06,419425600,DE_iOS_Subscribe_08,novaleads_int,DE,iOS,9.58
2026-09-06,487820854,UA_Android_Promo_38,pixelboost_int,UA,Android,2.87
2026-09-06,514120953,CZ_iOS_Promo_29,pixelboost_int,CZ,iOS,42.21
2026-09-06,573235158,SK_Android_Retarget_36,vertex_media_int,SK,Android,3.61
2026-09-06,643756776,PL_Android_Subscribe_22,sunrise_ads_int,PL,Android,27.58
2026-09-06,675921848,DE_iOS_Promo_04,pixelboost_int,DE,iOS,4.22
2026-09-06,679105989,PL_Android_Brand_07,vertex_media_int,PL,Android,54.01
2026-09-06,680088917,DE_iOS_Install_25,orbit_network_int,DE,iOS,50.82
2026-09-06,690477857,US_Android_Install_27,sunrise_ads_int,US,Android,4.84
2026-09-06,696862557,PL_iOS_Brand_40,vertex_media_int,PL,iOS,154.31
2026-09-06,733984697,CZ_Android_Subscribe_11,pixelboost_int,CZ,Android,7.53
2026-09-06,749087719,DE_iOS_Trial_13,orbit_network_int,DE,iOS,25.05
2026-09-06,755164014,CZ_Android_Promo_19,vertex_media_int,CZ,Android,11.9
2026-09-06,777458886,SK_iOS_Brand_23,orbit_network_int,SK,iOS,26.9
2026-09-06,811466420,PL_iOS_Trial_10,pixelboost_int,PL,iOS,15.99
2026-09-06,843305731,DE_Android_Promo_26,novaleads_int,DE,Android,7.31
2026-09-06,847954966,CZ_iOS_Subscribe_09,orbit_network_int,CZ,iOS,60.82
2026-09-06,866666834,UA_iOS_Subscribe_01,clickwave_int,UA,iOS,6.63
2026-09-06,868417683,SK_iOS_Install_35,novaleads_int,SK,iOS,2.95
2026-09-06,872609410,CZ_iOS_Subscribe_15,clickwave_int,CZ,iOS,4.87
2026-09-06,914629451,DE_iOS_Subscribe_12,vertex_media_int,DE,iOS,28.31
2026-09-06,927865143,UA_iOS_Brand_20,clickwave_int,UA,iOS,78.23
2026-09-07,123775784,PL_Android_Install_03,clickwave_int,PL,Android,6.8
2026-09-07,171845245,DE_Android_Install_06,clickwave_int,DE,Android,13.11
2026-09-07,182440508,CZ_Android_Trial_37,vertex_media_int,CZ,Android,41.94
2026-09-07,188620027,CZ_Android_Brand_17,vertex_media_int,CZ,Android,26.83
2026-09-07,206214638,UA_iOS_Subscribe_24,vertex_media_int,UA,iOS,20.99
2026-09-07,231514479,DE_Android_Subscribe_33,vertex_media_int,DE,Android,7.55
2026-09-07,241515656,CZ_iOS_Subscribe_31,sunrise_ads_int,CZ,iOS,21.08
2026-09-07,259617872,US_Android_Subscribe_14,vertex_media_int,US,Android,34.18
2026-09-07,261041331,US_iOS_Trial_02,pixelboost_int,US,iOS,19.39
2026-09-07,303699750,DE_Android_Install_34,novaleads_int,DE,Android,2.21
2026-09-07,343706964,UA_Android_Brand_39,orbit_network_int,UA,Android,10.25
2026-09-07,350109293,US_Android_Promo_32,clickwave_int,US,Android,50.59
2026-09-07,368472490,US_iOS_Brand_18,sunrise_ads_int,US,iOS,5.26
2026-09-07,404931207,CZ_Android_Trial_30,clickwave_int,CZ,Android,56.62
2026-09-07,419425600,DE_iOS_Subscribe_08,novaleads_int,DE,iOS,11.29
2026-09-07,487820854,UA_Android_Promo_38,pixelboost_int,UA,Android,3.41
2026-09-07,503542490,CZ_Android_Install_28,sunrise_ads_int,CZ,Android,38.51
2026-09-07,573235158,SK_Android_Retarget_36,vertex_media_int,SK,Android,5.01
2026-09-07,643756776,PL_Android_Subscribe_22,sunrise_ads_int,PL,Android,34.46
2026-09-07,675921848,DE_iOS_Promo_04,pixelboost_int,DE,iOS,6.75
2026-09-07,679105989,PL_Android_Brand_07,vertex_media_int,PL,Android,39.96
2026-09-07,680088917,DE_iOS_Install_25,orbit_network_int,DE,iOS,32.94
2026-09-07,690477857,US_Android_Install_27,sunrise_ads_int,US,Android,6.53
2026-09-07,696862557,PL_iOS_Brand_40,vertex_media_int,PL,iOS,121.37
2026-09-07,733984697,CZ_Android_Subscribe_11,pixelboost_int,CZ,Android,11.52
2026-09-07,749087719,DE_iOS_Trial_13,orbit_network_int,DE,iOS,22.38
2026-09-07,755164014,CZ_Android_Promo_19,vertex_media_int,CZ,Android,21.3
2026-09-07,777458886,SK_iOS_Brand_23,orbit_network_int,SK,iOS,37.75
2026-09-07,811466420,PL_iOS_Trial_10,pixelboost_int,PL,iOS,20.24
2026-09-07,843305731,DE_Android_Promo_26,novaleads_int,DE,Android,7.54
2026-09-07,847954966,CZ_iOS_Subscribe_09,orbit_network_int,CZ,iOS,31.93
2026-09-07,866666834,UA_iOS_Subscribe_01,clickwave_int,UA,iOS,7.77
2026-09-07,868417683,SK_iOS_Install_35,novaleads_int,SK,iOS,1.95
2026-09-07,872609410,CZ_iOS_Subscribe_15,clickwave_int,CZ,iOS,4.94
2026-09-07,914629451,DE_iOS_Subscribe_12,vertex_media_int,DE,iOS,19.85
2026-09-08,123775784,PL_Android_Install_03,clickwave_int,PL,Android,5.58
2026-09-08,171845245,DE_Android_Install_06,clickwave_int,DE,Android,6.3
2026-09-08,182440508,CZ_Android_Trial_37,vertex_media_int,CZ,Android,42.46
2026-09-08,206214638,UA_iOS_Subscribe_24,vertex_media_int,UA,iOS,20.79
2026-09-08,231514479,DE_Android_Subscribe_33,vertex_media_int,DE,Android,8.93
2026-09-08,241515656,CZ_iOS_Subscribe_31,sunrise_ads_int,CZ,iOS,13.94
2026-09-08,261041331,US_iOS_Trial_02,pixelboost_int,US,iOS,16.85
2026-09-08,303699750,DE_Android_Install_34,novaleads_int,DE,Android,5.27
2026-09-08,343706964,UA_Android_Brand_39,orbit_network_int,UA,Android,12.87
2026-09-08,350109293,US_Android_Promo_32,clickwave_int,US,Android,40.96
2026-09-08,354249225,SK_iOS_Install_21,novaleads_int,SK,iOS,3.84
2026-09-08,368472490,US_iOS_Brand_18,sunrise_ads_int,US,iOS,5.54
2026-09-08,419425600,DE_iOS_Subscribe_08,novaleads_int,DE,iOS,7.52
2026-09-08,487820854,UA_Android_Promo_38,pixelboost_int,UA,Android,3.64
2026-09-08,503542490,CZ_Android_Install_28,sunrise_ads_int,CZ,Android,20.92
2026-09-08,514120953,CZ_iOS_Promo_29,pixelboost_int,CZ,iOS,31.36
2026-09-08,573235158,SK_Android_Retarget_36,vertex_media_int,SK,Android,6.36
2026-09-08,643756776,PL_Android_Subscribe_22,sunrise_ads_int,PL,Android,40.71
2026-09-08,675921848,DE_iOS_Promo_04,pixelboost_int,DE,iOS,5.14
2026-09-08,679105989,PL_Android_Brand_07,vertex_media_int,PL,Android,24.1
2026-09-08,680088917,DE_iOS_Install_25,orbit_network_int,DE,iOS,47.22
2026-09-08,696862557,PL_iOS_Brand_40,vertex_media_int,PL,iOS,169.13
2026-09-08,733984697,CZ_Android_Subscribe_11,pixelboost_int,CZ,Android,8.56
2026-09-08,749087719,DE_iOS_Trial_13,orbit_network_int,DE,iOS,29.08
2026-09-08,755164014,CZ_Android_Promo_19,vertex_media_int,CZ,Android,9.07
2026-09-08,777458886,SK_iOS_Brand_23,orbit_network_int,SK,iOS,20.48
2026-09-08,843305731,DE_Android_Promo_26,novaleads_int,DE,Android,6.64
2026-09-08,847954966,CZ_iOS_Subscribe_09,orbit_network_int,CZ,iOS,36.33
2026-09-08,866666834,UA_iOS_Subscribe_01,clickwave_int,UA,iOS,7.87
2026-09-08,868417683,SK_iOS_Install_35,novaleads_int,SK,iOS,3.61
2026-09-08,872609410,CZ_iOS_Subscribe_15,clickwave_int,CZ,iOS,4.08
2026-09-08,914629451,DE_iOS_Subscribe_12,vertex_media_int,DE,iOS,17.45
2026-09-09,123775784,PL_Android_Install_03,clickwave_int,PL,Android,5.11
2026-09-09,182440508,CZ_Android_Trial_37,vertex_media_int,CZ,Android,39.03
2026-09-09,188620027,CZ_Android_Brand_17,vertex_media_int,CZ,Android,14.62
2026-09-09,231514479,DE_Android_Subscribe_33,vertex_media_int,DE,Android,13.39
2026-09-09,241515656,CZ_iOS_Subscribe_31,sunrise_ads_int,CZ,iOS,11.65
2026-09-09,261041331,US_iOS_Trial_02,pixelboost_int,US,iOS,10.41
2026-09-09,303699750,DE_Android_Install_34,novaleads_int,DE,Android,5.6
2026-09-09,343706964,UA_Android_Brand_39,orbit_network_int,UA,Android,8.36
2026-09-09,350109293,US_Android_Promo_32,clickwave_int,US,Android,43.74
2026-09-09,354249225,SK_iOS_Install_21,novaleads_int,SK,iOS,4.29
2026-09-09,368472490,US_iOS_Brand_18,sunrise_ads_int,US,iOS,4.9
2026-09-09,404931207,CZ_Android_Trial_30,clickwave_int,CZ,Android,45.67
2026-09-09,487820854,UA_Android_Promo_38,pixelboost_int,UA,Android,2.81
2026-09-09,503542490,CZ_Android_Install_28,sunrise_ads_int,CZ,Android,64.71
2026-09-09,514120953,CZ_iOS_Promo_29,pixelboost_int,CZ,iOS,21.51
2026-09-09,573235158,SK_Android_Retarget_36,vertex_media_int,SK,Android,7.09
2026-09-09,643756776,PL_Android_Subscribe_22,sunrise_ads_int,PL,Android,29.1
2026-09-09,675921848,DE_iOS_Promo_04,pixelboost_int,DE,iOS,4.35
2026-09-09,680088917,DE_iOS_Install_25,orbit_network_int,DE,iOS,56.32
2026-09-09,690477857,US_Android_Install_27,sunrise_ads_int,US,Android,10.12
2026-09-09,696862557,PL_iOS_Brand_40,vertex_media_int,PL,iOS,104.66
2026-09-09,733984697,CZ_Android_Subscribe_11,pixelboost_int,CZ,Android,9.93
2026-09-09,749087719,DE_iOS_Trial_13,orbit_network_int,DE,iOS,16.5
2026-09-09,755164014,CZ_Android_Promo_19,vertex_media_int,CZ,Android,14.3
2026-09-09,777458886,SK_iOS_Brand_23,orbit_network_int,SK,iOS,37.38
2026-09-09,811466420,PL_iOS_Trial_10,pixelboost_int,PL,iOS,8.66
2026-09-09,843305731,DE_Android_Promo_26,novaleads_int,DE,Android,7.17
2026-09-09,866666834,UA_iOS_Subscribe_01,clickwave_int,UA,iOS,10.29
2026-09-09,872609410,CZ_iOS_Subscribe_15,clickwave_int,CZ,iOS,7.82
2026-09-09,914629451,DE_iOS_Subscribe_12,vertex_media_int,DE,iOS,30.04
2026-09-10,123775784,PL_Android_Install_03,clickwave_int,PL,Android,3.8
2026-09-10,182440508,CZ_Android_Trial_37,vertex_media_int,CZ,Android,21.31
2026-09-10,188620027,CZ_Android_Brand_17,vertex_media_int,CZ,Android,31.13
2026-09-10,206214638,UA_iOS_Subscribe_24,vertex_media_int,UA,iOS,21.77
2026-09-10,231514479,DE_Android_Subscribe_33,vertex_media_int,DE,Android,8.57
2026-09-10,241515656,CZ_iOS_Subscribe_31,sunrise_ads_int,CZ,iOS,20.44
2026-09-10,261041331,US_iOS_Trial_02,pixelboost_int,US,iOS,9.94
2026-09-10,303699750,DE_Android_Install_34,novaleads_int,DE,Android,4.77
2026-09-10,343706964,UA_Android_Brand_39,orbit_network_int,UA,Android,12.02
2026-09-10,350109293,US_Android_Promo_32,clickwave_int,US,Android,54.36
2026-09-10,368472490,US_iOS_Brand_18,sunrise_ads_int,US,iOS,6.02
2026-09-10,419425600,DE_iOS_Subscribe_08,novaleads_int,DE,iOS,11.04
2026-09-10,487820854,UA_Android_Promo_38,pixelboost_int,UA,Android,4.8
2026-09-10,503542490,CZ_Android_Install_28,sunrise_ads_int,CZ,Android,33.0
2026-09-10,514120953,CZ_iOS_Promo_29,pixelboost_int,CZ,iOS,21.1
2026-09-10,643756776,PL_Android_Subscribe_22,sunrise_ads_int,PL,Android,23.14
2026-09-10,675921848,DE_iOS_Promo_04,pixelboost_int,DE,iOS,5.37
2026-09-10,679105989,PL_Android_Brand_07,vertex_media_int,PL,Android,28.01
2026-09-10,680088917,DE_iOS_Install_25,orbit_network_int,DE,iOS,59.47
2026-09-10,690477857,US_Android_Install_27,sunrise_ads_int,US,Android,5.25
2026-09-10,696862557,PL_iOS_Brand_40,vertex_media_int,PL,iOS,198.95
2026-09-10,733984697,CZ_Android_Subscribe_11,pixelboost_int,CZ,Android,17.45
2026-09-10,749087719,DE_iOS_Trial_13,orbit_network_int,DE,iOS,17.88
2026-09-10,755164014,CZ_Android_Promo_19,vertex_media_int,CZ,Android,14.67
2026-09-10,777458886,SK_iOS_Brand_23,orbit_network_int,SK,iOS,46.57
2026-09-10,811466420,PL_iOS_Trial_10,pixelboost_int,PL,iOS,15.04
2026-09-10,843305731,DE_Android_Promo_26,novaleads_int,DE,Android,8.82
2026-09-10,866666834,UA_iOS_Subscribe_01,clickwave_int,UA,iOS,6.32
2026-09-10,872609410,CZ_iOS_Subscribe_15,clickwave_int,CZ,iOS,4.68
2026-09-10,914629451,DE_iOS_Subscribe_12,vertex_media_int,DE,iOS,18.11
2026-09-11,123775784,PL_Android_Install_03,clickwave_int,PL,Android,4.7
2026-09-11,182440508,CZ_Android_Trial_37,vertex_media_int,CZ,Android,33.0
2026-09-11,188620027,CZ_Android_Brand_17,vertex_media_int,CZ,Android,23.02
2026-09-11,206214638,UA_iOS_Subscribe_24,vertex_media_int,UA,iOS,11.28
2026-09-11,231514479,DE_Android_Subscribe_33,vertex_media_int,DE,Android,5.78
2026-09-11,241515656,CZ_iOS_Subscribe_31,sunrise_ads_int,CZ,iOS,23.24
2026-09-11,261041331,US_iOS_Trial_02,pixelboost_int,US,iOS,19.93
2026-09-11,303699750,DE_Android_Install_34,novaleads_int,DE,Android,4.47
2026-09-11,343706964,UA_Android_Brand_39,orbit_network_int,UA,Android,6.26
2026-09-11,350109293,US_Android_Promo_32,clickwave_int,US,Android,79.73
2026-09-11,404931207,CZ_Android_Trial_30,clickwave_int,CZ,Android,56.93
2026-09-11,419425600,DE_iOS_Subscribe_08,novaleads_int,DE,iOS,13.49
2026-09-11,487820854,UA_Android_Promo_38,pixelboost_int,UA,Android,2.15
2026-09-11,503542490,CZ_Android_Install_28,sunrise_ads_int,CZ,Android,16.24
2026-09-11,679105989,PL_Android_Brand_07,vertex_media_int,PL,Android,35.44
2026-09-11,680088917,DE_iOS_Install_25,orbit_network_int,DE,iOS,34.32
2026-09-11,690477857,US_Android_Install_27,sunrise_ads_int,US,Android,9.28
2026-09-11,696862557,PL_iOS_Brand_40,vertex_media_int,PL,iOS,146.46
2026-09-11,733984697,CZ_Android_Subscribe_11,pixelboost_int,CZ,Android,14.75
2026-09-11,749087719,DE_iOS_Trial_13,orbit_network_int,DE,iOS,16.12
2026-09-11,755164014,CZ_Android_Promo_19,vertex_media_int,CZ,Android,12.82
2026-09-11,777458886,SK_iOS_Brand_23,orbit_network_int,SK,iOS,32.97
2026-09-11,811466420,PL_iOS_Trial_10,pixelboost_int,PL,iOS,16.4
2026-09-11,843305731,DE_Android_Promo_26,novaleads_int,DE,Android,8.92
2026-09-11,866666834,UA_iOS_Subscribe_01,clickwave_int,UA,iOS,11.21
2026-09-11,872609410,CZ_iOS_Subscribe_15,clickwave_int,CZ,iOS,8.1
2026-09-11,914629451,DE_iOS_Subscribe_12,vertex_media_int,DE,iOS,15.07
2026-09-12,123775784,PL_Android_Install_03,clickwave_int,PL,Android,3.95
2026-09-12,206214638,UA_iOS_Subscribe_24,vertex_media_int,UA,iOS,21.76
2026-09-12,231514479,DE_Android_Subscribe_33,vertex_media_int,DE,Android,5.65
2026-09-12,261041331,US_iOS_Trial_02,pixelboost_int,US,iOS,16.28
2026-09-12,303699750,DE_Android_Install_34,novaleads_int,DE,Android,3.14
2026-09-12,343706964,UA_Android_Brand_39,orbit_network_int,UA,Android,4.94
2026-09-12,350109293,US_Android_Promo_32,clickwave_int,US,Android,53.79
2026-09-12,368472490,US_iOS_Brand_18,sunrise_ads_int,US,iOS,9.03
2026-09-12,404931207,CZ_Android_Trial_30,clickwave_int,CZ,Android,59.46
2026-09-12,419425600,DE_iOS_Subscribe_08,novaleads_int,DE,iOS,5.28
2026-09-12,487820854,UA_Android_Promo_38,pixelboost_int,UA,Android,3.0
2026-09-12,503542490,CZ_Android_Install_28,sunrise_ads_int,CZ,Android,27.21
2026-09-12,643756776,PL_Android_Subscribe_22,sunrise_ads_int,PL,Android,30.49
2026-09-12,675921848,DE_iOS_Promo_04,pixelboost_int,DE,iOS,4.67
2026-09-12,679105989,PL_Android_Brand_07,vertex_media_int,PL,Android,32.41
2026-09-12,680088917,DE_iOS_Install_25,orbit_network_int,DE,iOS,44.67
2026-09-12,690477857,US_Android_Install_27,sunrise_ads_int,US,Android,7.56
2026-09-12,696862557,PL_iOS_Brand_40,vertex_media_int,PL,iOS,115.55
2026-09-12,749087719,DE_iOS_Trial_13,orbit_network_int,DE,iOS,18.73
2026-09-12,755164014,CZ_Android_Promo_19,vertex_media_int,CZ,Android,12.55
2026-09-12,777458886,SK_iOS_Brand_23,orbit_network_int,SK,iOS,34.75
2026-09-12,811466420,PL_iOS_Trial_10,pixelboost_int,PL,iOS,17.36
2026-09-12,866666834,UA_iOS_Subscribe_01,clickwave_int,UA,iOS,7.54
2026-09-12,872609410,CZ_iOS_Subscribe_15,clickwave_int,CZ,iOS,5.64
2026-09-12,914629451,DE_iOS_Subscribe_12,vertex_media_int,DE,iOS,17.53
2026-09-13,123775784,PL_Android_Install_03,clickwave_int,PL,Android,5.28
2026-09-13,182440508,CZ_Android_Trial_37,vertex_media_int,CZ,Android,22.19
2026-09-13,206214638,UA_iOS_Subscribe_24,vertex_media_int,UA,iOS,24.85
2026-09-13,231514479,DE_Android_Subscribe_33,vertex_media_int,DE,Android,8.88
2026-09-13,261041331,US_iOS_Trial_02,pixelboost_int,US,iOS,18.24
2026-09-13,303699750,DE_Android_Install_34,novaleads_int,DE,Android,5.09
2026-09-13,368472490,US_iOS_Brand_18,sunrise_ads_int,US,iOS,3.38
2026-09-13,487820854,UA_Android_Promo_38,pixelboost_int,UA,Android,1.87
2026-09-13,503542490,CZ_Android_Install_28,sunrise_ads_int,CZ,Android,33.21
2026-09-13,643756776,PL_Android_Subscribe_22,sunrise_ads_int,PL,Android,22.81
2026-09-13,675921848,DE_iOS_Promo_04,pixelboost_int,DE,iOS,4.31
2026-09-13,679105989,PL_Android_Brand_07,vertex_media_int,PL,Android,28.07
2026-09-13,680088917,DE_iOS_Install_25,orbit_network_int,DE,iOS,32.1
2026-09-13,690477857,US_Android_Install_27,sunrise_ads_int,US,Android,5.78
2026-09-13,696862557,PL_iOS_Brand_40,vertex_media_int,PL,iOS,57.14
2026-09-13,733984697,CZ_Android_Subscribe_11,pixelboost_int,CZ,Android,6.79
2026-09-13,749087719,DE_iOS_Trial_13,orbit_network_int,DE,iOS,19.35
2026-09-13,755164014,CZ_Android_Promo_19,vertex_media_int,CZ,Android,20.87
2026-09-13,777458886,SK_iOS_Brand_23,orbit_network_int,SK,iOS,75.55
2026-09-13,866666834,UA_iOS_Subscribe_01,clickwave_int,UA,iOS,8.15
2026-09-13,872609410,CZ_iOS_Subscribe_15,clickwave_int,CZ,iOS,6.91
2026-09-13,914629451,DE_iOS_Subscribe_12,vertex_media_int,DE,iOS,18.97
2026-09-14,123775784,PL_Android_Install_03,clickwave_int,PL,Android,4.33
2026-09-14,182440508,CZ_Android_Trial_37,vertex_media_int,CZ,Android,41.51
2026-09-14,188620027,CZ_Android_Brand_17,vertex_media_int,CZ,Android,13.2
2026-09-14,231514479,DE_Android_Subscribe_33,vertex_media_int,DE,Android,7.97
2026-09-14,261041331,US_iOS_Trial_02,pixelboost_int,US,iOS,12.93
2026-09-14,303699750,DE_Android_Install_34,novaleads_int,DE,Android,3.67
2026-09-14,343706964,UA_Android_Brand_39,orbit_network_int,UA,Android,6.92
2026-09-14,350109293,US_Android_Promo_32,clickwave_int,US,Android,86.76
2026-09-14,368472490,US_iOS_Brand_18,sunrise_ads_int,US,iOS,4.57
2026-09-14,404931207,CZ_Android_Trial_30,clickwave_int,CZ,Android,50.2
2026-09-14,419425600,DE_iOS_Subscribe_08,novaleads_int,DE,iOS,13.29
2026-09-14,487820854,UA_Android_Promo_38,pixelboost_int,UA,Android,2.2
2026-09-14,503542490,CZ_Android_Install_28,sunrise_ads_int,CZ,Android,53.07
2026-09-14,675921848,DE_iOS_Promo_04,pixelboost_int,DE,iOS,4.58
2026-09-14,679105989,PL_Android_Brand_07,vertex_media_int,PL,Android,48.1
2026-09-14,680088917,DE_iOS_Install_25,orbit_network_int,DE,iOS,37.96
2026-09-14,696862557,PL_iOS_Brand_40,vertex_media_int,PL,iOS,163.81
2026-09-14,733984697,CZ_Android_Subscribe_11,pixelboost_int,CZ,Android,12.66
2026-09-14,749087719,DE_iOS_Trial_13,orbit_network_int,DE,iOS,15.26
2026-09-14,755164014,CZ_Android_Promo_19,vertex_media_int,CZ,Android,13.44
2026-09-14,777458886,SK_iOS_Brand_23,orbit_network_int,SK,iOS,39.34
2026-09-14,866666834,UA_iOS_Subscribe_01,clickwave_int,UA,iOS,10.5
2026-09-14,872609410,CZ_iOS_Subscribe_15,clickwave_int,CZ,iOS,6.44
2026-09-14,914629451,DE_iOS_Subscribe_12,vertex_media_int,DE,iOS,24.24
2026-09-15,123775784,PL_Android_Install_03,clickwave_int,PL,Android,4.15
2026-09-15,182440508,CZ_Android_Trial_37,vertex_media_int,CZ,Android,39.7
2026-09-15,188620027,CZ_Android_Brand_17,vertex_media_int,CZ,Android,15.43
2026-09-15,206214638,UA_iOS_Subscribe_24,vertex_media_int,UA,iOS,13.55
2026-09-15,303699750,DE_Android_Install_34,novaleads_int,DE,Android,6.65
2026-09-15,343706964,UA_Android_Brand_39,orbit_network_int,UA,Android,8.4
2026-09-15,350109293,US_Android_Promo_32,clickwave_int,US,Android,66.4
2026-09-15,368472490,US_iOS_Brand_18,sunrise_ads_int,US,iOS,12.16
2026-09-15,404931207,CZ_Android_Trial_30,clickwave_int,CZ,Android,49.13
2026-09-15,419425600,DE_iOS_Subscribe_08,novaleads_int,DE,iOS,9.77
2026-09-15,643756776,PL_Android_Subscribe_22,sunrise_ads_int,PL,Android,24.39
2026-09-15,675921848,DE_iOS_Promo_04,pixelboost_int,DE,iOS,3.26
2026-09-15,679105989,PL_Android_Brand_07,vertex_media_int,PL,Android,17.01
2026-09-15,680088917,DE_iOS_Install_25,orbit_network_int,DE,iOS,59.19
2026-09-15,690477857,US_Android_Install_27,sunrise_ads_int,US,Android,4.98
2026-09-15,696862557,PL_iOS_Brand_40,vertex_media_int,PL,iOS,106.58
2026-09-15,733984697,CZ_Android_Subscribe_11,pixelboost_int,CZ,Android,16.68
2026-09-15,755164014,CZ_Android_Promo_19,vertex_media_int,CZ,Android,8.62
2026-09-15,777458886,SK_iOS_Brand_23,orbit_network_int,SK,iOS,54.72
2026-09-15,866666834,UA_iOS_Subscribe_01,clickwave_int,UA,iOS,8.33
2026-09-15,872609410,CZ_iOS_Subscribe_15,clickwave_int,CZ,iOS,4.75
2026-09-15,914629451,DE_iOS_Subscribe_12,vertex_media_int,DE,iOS,27.65
2026-09-16,123775784,PL_Android_Install_03,clickwave_int,PL,Android,4.96
2026-09-16,188620027,CZ_Android_Brand_17,vertex_media_int,CZ,Android,17.01
2026-09-16,206214638,UA_iOS_Subscribe_24,vertex_media_int,UA,iOS,16.43
2026-09-16,231514479,DE_Android_Subscribe_33,vertex_media_int,DE,Android,15.28
2026-09-16,261041331,US_iOS_Trial_02,pixelboost_int,US,iOS,16.39
2026-09-16,303699750,DE_Android_Install_34,novaleads_int,DE,Android,4.15
2026-09-16,343706964,UA_Android_Brand_39,orbit_network_int,UA,Android,5.94
2026-09-16,350109293,US_Android_Promo_32,clickwave_int,US,Android,72.48
2026-09-16,368472490,US_iOS_Brand_18,sunrise_ads_int,US,iOS,5.16
2026-09-16,404931207,CZ_Android_Trial_30,clickwave_int,CZ,Android,87.44
2026-09-16,487820854,UA_Android_Promo_38,pixelboost_int,UA,Android,3.93
2026-09-16,643756776,PL_Android_Subscribe_22,sunrise_ads_int,PL,Android,20.77
2026-09-16,675921848,DE_iOS_Promo_04,pixelboost_int,DE,iOS,5.06
2026-09-16,679105989,PL_Android_Brand_07,vertex_media_int,PL,Android,43.71
2026-09-16,680088917,DE_iOS_Install_25,orbit_network_int,DE,iOS,50.39
2026-09-16,690477857,US_Android_Install_27,sunrise_ads_int,US,Android,11.72
2026-09-16,696862557,PL_iOS_Brand_40,vertex_media_int,PL,iOS,91.44
2026-09-16,733984697,CZ_Android_Subscribe_11,pixelboost_int,CZ,Android,15.97
2026-09-16,749087719,DE_iOS_Trial_13,orbit_network_int,DE,iOS,25.0
2026-09-16,755164014,CZ_Android_Promo_19,vertex_media_int,CZ,Android,12.85
2026-09-16,777458886,SK_iOS_Brand_23,orbit_network_int,SK,iOS,29.66
2026-09-16,866666834,UA_iOS_Subscribe_01,clickwave_int,UA,iOS,11.79
2026-09-16,872609410,CZ_iOS_Subscribe_15,clickwave_int,CZ,iOS,2.5
2026-09-16,914629451,DE_iOS_Subscribe_12,vertex_media_int,DE,iOS,18.78
2026-09-17,123775784,PL_Android_Install_03,clickwave_int,PL,Android,5.85
2026-09-17,182440508,CZ_Android_Trial_37,vertex_media_int,CZ,Android,28.35
2026-09-17,188620027,CZ_Android_Brand_17,vertex_media_int,CZ,Android,18.82
2026-09-17,206214638,UA_iOS_Subscribe_24,vertex_media_int,UA,iOS,13.76
2026-09-17,231514479,DE_Android_Subscribe_33,vertex_media_int,DE,Android,12.56
2026-09-17,261041331,US_iOS_Trial_02,pixelboost_int,US,iOS,12.87
2026-09-17,343706964,UA_Android_Brand_39,orbit_network_int,UA,Android,9.85
2026-09-17,350109293,US_Android_Promo_32,clickwave_int,US,Android,63.09
2026-09-17,404931207,CZ_Android_Trial_30,clickwave_int,CZ,Android,79.64
2026-09-17,487820854,UA_Android_Promo_38,pixelboost_int,UA,Android,3.27
2026-09-17,643756776,PL_Android_Subscribe_22,sunrise_ads_int,PL,Android,26.63
2026-09-17,675921848,DE_iOS_Promo_04,pixelboost_int,DE,iOS,2.56
2026-09-17,679105989,PL_Android_Brand_07,vertex_media_int,PL,Android,38.72
2026-09-17,680088917,DE_iOS_Install_25,orbit_network_int,DE,iOS,58.3
2026-09-17,690477857,US_Android_Install_27,sunrise_ads_int,US,Android,7.18
2026-09-17,696862557,PL_iOS_Brand_40,vertex_media_int,PL,iOS,84.2
2026-09-17,733984697,CZ_Android_Subscribe_11,pixelboost_int,CZ,Android,14.85
2026-09-17,749087719,DE_iOS_Trial_13,orbit_network_int,DE,iOS,14.37
2026-09-17,755164014,CZ_Android_Promo_19,vertex_media_int,CZ,Android,14.72
2026-09-17,777458886,SK_iOS_Brand_23,orbit_network_int,SK,iOS,32.82
2026-09-17,866666834,UA_iOS_Subscribe_01,clickwave_int,UA,iOS,4.6
2026-09-17,872609410,CZ_iOS_Subscribe_15,clickwave_int,CZ,iOS,5.72
2026-09-17,914629451,DE_iOS_Subscribe_12,vertex_media_int,DE,iOS,23.22
2026-09-18,123775784,PL_Android_Install_03,clickwave_int,PL,Android,4.4
2026-09-18,188620027,CZ_Android_Brand_17,vertex_media_int,CZ,Android,15.63
2026-09-18,206214638,UA_iOS_Subscribe_24,vertex_media_int,UA,iOS,20.84
2026-09-18,231514479,DE_Android_Subscribe_33,vertex_media_int,DE,Android,6.09
2026-09-18,261041331,US_iOS_Trial_02,pixelboost_int,US,iOS,24.96
2026-09-18,303699750,DE_Android_Install_34,novaleads_int,DE,Android,5.06
2026-09-18,343706964,UA_Android_Brand_39,orbit_network_int,UA,Android,10.55
2026-09-18,350109293,US_Android_Promo_32,clickwave_int,US,Android,78.53
2026-09-18,404931207,CZ_Android_Trial_30,clickwave_int,CZ,Android,65.42
2026-09-18,643756776,PL_Android_Subscribe_22,sunrise_ads_int,PL,Android,17.73
2026-09-18,675921848,DE_iOS_Promo_04,pixelboost_int,DE,iOS,3.83
2026-09-18,679105989,PL_Android_Brand_07,vertex_media_int,PL,Android,25.41
2026-09-18,680088917,DE_iOS_Install_25,orbit_network_int,DE,iOS,28.4
2026-09-18,690477857,US_Android_Install_27,sunrise_ads_int,US,Android,8.12
2026-09-18,696862557,PL_iOS_Brand_40,vertex_media_int,PL,iOS,108.61
2026-09-18,733984697,CZ_Android_Subscribe_11,pixelboost_int,CZ,Android,12.65
2026-09-18,749087719,DE_iOS_Trial_13,orbit_network_int,DE,iOS,24.69
2026-09-18,755164014,CZ_Android_Promo_19,vertex_media_int,CZ,Android,8.25
2026-09-18,777458886,SK_iOS_Brand_23,orbit_network_int,SK,iOS,45.11
2026-09-18,866666834,UA_iOS_Subscribe_01,clickwave_int,UA,iOS,6.65
2026-09-18,872609410,CZ_iOS_Subscribe_15,clickwave_int,CZ,iOS,5.68
2026-09-18,914629451,DE_iOS_Subscribe_12,vertex_media_int,DE,iOS,23.44
2026-09-19,123775784,PL_Android_Install_03,clickwave_int,PL,Android,4.7
2026-09-19,182440508,CZ_Android_Trial_37,vertex_media_int,CZ,Android,20.08
2026-09-19,188620027,CZ_Android_Brand_17,vertex_media_int,CZ,Android,13.33
2026-09-19,206214638,UA_iOS_Subscribe_24,vertex_media_int,UA,iOS,15.2
2026-09-19,231514479,DE_Android_Subscribe_33,vertex_media_int,DE,Android,8.97
2026-09-19,261041331,US_iOS_Trial_02,pixelboost_int,US,iOS,14.2
2026-09-19,303699750,DE_Android_Install_34,novaleads_int,DE,Android,2.99
2026-09-19,343706964,UA_Android_Brand_39,orbit_network_int,UA,Android,8.43
2026-09-19,675921848,DE_iOS_Promo_04,pixelboost_int,DE,iOS,6.6
2026-09-19,679105989,PL_Android_Brand_07,vertex_media_int,PL,Android,36.97
2026-09-19,680088917,DE_iOS_Install_25,orbit_network_int,DE,iOS,63.38
2026-09-19,690477857,US_Android_Install_27,sunrise_ads_int,US,Android,6.4
2026-09-19,696862557,PL_iOS_Brand_40,vertex_media_int,PL,iOS,73.62
2026-09-19,733984697,CZ_Android_Subscribe_11,pixelboost_int,CZ,Android,11.21
2026-09-19,755164014,CZ_Android_Promo_19,vertex_media_int,CZ,Android,9.89
2026-09-19,777458886,SK_iOS_Brand_23,orbit_network_int,SK,iOS,18.18
2026-09-19,866666834,UA_iOS_Subscribe_01,clickwave_int,UA,iOS,15.27
2026-09-19,872609410,CZ_iOS_Subscribe_15,clickwave_int,CZ,iOS,6.38
2026-09-19,914629451,DE_iOS_Subscribe_12,vertex_media_int,DE,iOS,38.06
2026-09-20,123775784,PL_Android_Install_03,clickwave_int,PL,Android,6.06
2026-09-20,182440508,CZ_Android_Trial_37,vertex_media_int,CZ,Android,34.93
2026-09-20,188620027,CZ_Android_Brand_17,vertex_media_int,CZ,Android,15.77
2026-09-20,206214638,UA_iOS_Subscribe_24,vertex_media_int,UA,iOS,20.82
2026-09-20,231514479,DE_Android_Subscribe_33,vertex_media_int,DE,Android,8.03
2026-09-20,261041331,US_iOS_Trial_02,pixelboost_int,US,iOS,16.49
2026-09-20,303699750,DE_Android_Install_34,novaleads_int,DE,Android,4.47
2026-09-20,343706964,UA_Android_Brand_39,orbit_network_int,UA,Android,7.7
2026-09-20,404931207,CZ_Android_Trial_30,clickwave_int,CZ,Android,46.24
2026-09-20,520541560,US_Android_Promo_05,orbit_network_int,US,Android,0.39
2026-09-20,675921848,DE_iOS_Promo_04,pixelboost_int,DE,iOS,3.82
2026-09-20,679105989,PL_Android_Brand_07,vertex_media_int,PL,Android,14.72
2026-09-20,680088917,DE_iOS_Install_25,orbit_network_int,DE,iOS,30.24
2026-09-20,690477857,US_Android_Install_27,sunrise_ads_int,US,Android,5.15
2026-09-20,696862557,PL_iOS_Brand_40,vertex_media_int,PL,iOS,114.09
2026-09-20,755164014,CZ_Android_Promo_19,vertex_media_int,CZ,Android,14.18
2026-09-20,777458886,SK_iOS_Brand_23,orbit_network_int,SK,iOS,58.27
2026-09-20,866666834,UA_iOS_Subscribe_01,clickwave_int,UA,iOS,12.05
2026-09-20,914629451,DE_iOS_Subscribe_12,vertex_media_int,DE,iOS,21.37
2026-09-21,123775784,PL_Android_Install_03,clickwave_int,PL,Android,5.75
2026-09-21,182440508,CZ_Android_Trial_37,vertex_media_int,CZ,Android,25.98
2026-09-21,231514479,DE_Android_Subscribe_33,vertex_media_int,DE,Android,13.82
2026-09-21,261041331,US_iOS_Trial_02,pixelboost_int,US,iOS,30.85
2026-09-21,303699750,DE_Android_Install_34,novaleads_int,DE,Android,4.93
2026-09-21,343706964,UA_Android_Brand_39,orbit_network_int,UA,Android,8.59
2026-09-21,520541560,US_Android_Promo_05,orbit_network_int,US,Android,0.33
2026-09-21,675921848,DE_iOS_Promo_04,pixelboost_int,DE,iOS,3.27
2026-09-21,679105989,PL_Android_Brand_07,vertex_media_int,PL,Android,37.23
2026-09-21,690477857,US_Android_Install_27,sunrise_ads_int,US,Android,9.55
2026-09-21,696862557,PL_iOS_Brand_40,vertex_media_int,PL,iOS,159.91
2026-09-21,733984697,CZ_Android_Subscribe_11,pixelboost_int,CZ,Android,11.88
2026-09-21,749087719,DE_iOS_Trial_13,orbit_network_int,DE,iOS,19.13
2026-09-21,755164014,CZ_Android_Promo_19,vertex_media_int,CZ,Android,10.54
2026-09-21,777458886,SK_iOS_Brand_23,orbit_network_int,SK,iOS,52.1
2026-09-21,866666834,UA_iOS_Subscribe_01,clickwave_int,UA,iOS,6.6
2026-09-21,914629451,DE_iOS_Subscribe_12,vertex_media_int,DE,iOS,17.83
2026-09-22,123775784,PL_Android_Install_03,clickwave_int,PL,Android,5.03
2026-09-22,182440508,CZ_Android_Trial_37,vertex_media_int,CZ,Android,42.87
2026-09-22,231514479,DE_Android_Subscribe_33,vertex_media_int,DE,Android,8.25
2026-09-22,261041331,US_iOS_Trial_02,pixelboost_int,US,iOS,12.87
2026-09-22,303699750,DE_Android_Install_34,novaleads_int,DE,Android,5.91
2026-09-22,343706964,UA_Android_Brand_39,orbit_network_int,UA,Android,10.68
2026-09-22,404931207,CZ_Android_Trial_30,clickwave_int,CZ,Android,60.92
2026-09-22,520541560,US_Android_Promo_05,orbit_network_int,US,Android,0.71
2026-09-22,675921848,DE_iOS_Promo_04,pixelboost_int,DE,iOS,6.45
2026-09-22,679105989,PL_Android_Brand_07,vertex_media_int,PL,Android,36.73
2026-09-22,690477857,US_Android_Install_27,sunrise_ads_int,US,Android,5.12
2026-09-22,696862557,PL_iOS_Brand_40,vertex_media_int,PL,iOS,114.6
2026-09-22,749087719,DE_iOS_Trial_13,orbit_network_int,DE,iOS,20.93
2026-09-22,755164014,CZ_Android_Promo_19,vertex_media_int,CZ,Android,13.27
2026-09-22,777458886,SK_iOS_Brand_23,orbit_network_int,SK,iOS,36.44
2026-09-22,866666834,UA_iOS_Subscribe_01,clickwave_int,UA,iOS,9.87
2026-09-22,914629451,DE_iOS_Subscribe_12,vertex_media_int,DE,iOS,14.59
2026-09-23,182440508,CZ_Android_Trial_37,vertex_media_int,CZ,Android,30.96
2026-09-23,231514479,DE_Android_Subscribe_33,vertex_media_int,DE,Android,8.03
2026-09-23,261041331,US_iOS_Trial_02,pixelboost_int,US,iOS,16.43
2026-09-23,303699750,DE_Android_Install_34,novaleads_int,DE,Android,4.68
2026-09-23,404931207,CZ_Android_Trial_30,clickwave_int,CZ,Android,26.08
2026-09-23,520541560,US_Android_Promo_05,orbit_network_int,US,Android,0.36
2026-09-23,675921848,DE_iOS_Promo_04,pixelboost_int,DE,iOS,6.2
2026-09-23,679105989,PL_Android_Brand_07,vertex_media_int,PL,Android,27.28
2026-09-23,690477857,US_Android_Install_27,sunrise_ads_int,US,Android,7.65
2026-09-23,696862557,PL_iOS_Brand_40,vertex_media_int,PL,iOS,113.24
2026-09-23,733984697,CZ_Android_Subscribe_11,pixelboost_int,CZ,Android,14.0
2026-09-23,749087719,DE_iOS_Trial_13,orbit_network_int,DE,iOS,20.28
2026-09-23,755164014,CZ_Android_Promo_19,vertex_media_int,CZ,Android,10.2
2026-09-23,777458886,SK_iOS_Brand_23,orbit_network_int,SK,iOS,25.73
2026-09-23,866666834,UA_iOS_Subscribe_01,clickwave_int,UA,iOS,16.8
2026-09-24,182440508,CZ_Android_Trial_37,vertex_media_int,CZ,Android,42.79
2026-09-24,261041331,US_iOS_Trial_02,pixelboost_int,US,iOS,18.33
2026-09-24,303699750,DE_Android_Install_34,novaleads_int,DE,Android,3.94
2026-09-24,343706964,UA_Android_Brand_39,orbit_network_int,UA,Android,9.13
2026-09-24,404931207,CZ_Android_Trial_30,clickwave_int,CZ,Android,52.09
2026-09-24,520541560,US_Android_Promo_05,orbit_network_int,US,Android,0.43
2026-09-24,675921848,DE_iOS_Promo_04,pixelboost_int,DE,iOS,7.18
2026-09-24,679105989,PL_Android_Brand_07,vertex_media_int,PL,Android,38.07
2026-09-24,696862557,PL_iOS_Brand_40,vertex_media_int,PL,iOS,98.41
2026-09-24,733984697,CZ_Android_Subscribe_11,pixelboost_int,CZ,Android,10.55
2026-09-24,749087719,DE_iOS_Trial_13,orbit_network_int,DE,iOS,21.29
2026-09-24,755164014,CZ_Android_Promo_19,vertex_media_int,CZ,Android,9.67
2026-09-24,777458886,SK_iOS_Brand_23,orbit_network_int,SK,iOS,56.66
2026-09-24,866666834,UA_iOS_Subscribe_01,clickwave_int,UA,iOS,7.38
2026-09-25,182440508,CZ_Android_Trial_37,vertex_media_int,CZ,Android,27.78
2026-09-25,231514479,DE_Android_Subscribe_33,vertex_media_int,DE,Android,9.62
2026-09-25,261041331,US_iOS_Trial_02,pixelboost_int,US,iOS,11.45
2026-09-25,303699750,DE_Android_Install_34,novaleads_int,DE,Android,3.89
2026-09-25,343706964,UA_Android_Brand_39,orbit_network_int,UA,Android,6.12
2026-09-25,520541560,US_Android_Promo_05,orbit_network_int,US,Android,0.42
2026-09-25,675921848,DE_iOS_Promo_04,pixelboost_int,DE,iOS,4.55
2026-09-25,679105989,PL_Android_Brand_07,vertex_media_int,PL,Android,25.2
2026-09-25,696862557,PL_iOS_Brand_40,vertex_media_int,PL,iOS,87.77
2026-09-25,733984697,CZ_Android_Subscribe_11,pixelboost_int,CZ,Android,11.05
2026-09-25,749087719,DE_iOS_Trial_13,orbit_network_int,DE,iOS,22.27
2026-09-25,755164014,CZ_Android_Promo_19,vertex_media_int,CZ,Android,17.66
2026-09-25,777458886,SK_iOS_Brand_23,orbit_network_int,SK,iOS,42.71
2026-09-25,866666834,UA_iOS_Subscribe_01,clickwave_int,UA,iOS,12.52
2026-09-26,182440508,CZ_Android_Trial_37,vertex_media_int,CZ,Android,17.06
2026-09-26,261041331,US_iOS_Trial_02,pixelboost_int,US,iOS,23.83
2026-09-26,343706964,UA_Android_Brand_39,orbit_network_int,UA,Android,6.37
2026-09-26,520541560,US_Android_Promo_05,orbit_network_int,US,Android,0.33
2026-09-26,675921848,DE_iOS_Promo_04,pixelboost_int,DE,iOS,2.88
2026-09-26,696862557,PL_iOS_Brand_40,vertex_media_int,PL,iOS,117.74
2026-09-26,733984697,CZ_Android_Subscribe_11,pixelboost_int,CZ,Android,11.62
2026-09-26,749087719,DE_iOS_Trial_13,orbit_network_int,DE,iOS,19.55
2026-09-26,755164014,CZ_Android_Promo_19,vertex_media_int,CZ,Android,17.4
2026-09-27,182440508,CZ_Android_Trial_37,vertex_media_int,CZ,Android,41.99
2026-09-27,303699750,DE_Android_Install_34,novaleads_int,DE,Android,3.99
2026-09-27,343706964,UA_Android_Brand_39,orbit_network_int,UA,Android,7.02
2026-09-27,520541560,US_Android_Promo_05,orbit_network_int,US,Android,0.36
2026-09-27,675921848,DE_iOS_Promo_04,pixelboost_int,DE,iOS,5.1
2026-09-27,696862557,PL_iOS_Brand_40,vertex_media_int,PL,iOS,118.18
2026-09-27,733984697,CZ_Android_Subscribe_11,pixelboost_int,CZ,Android,20.31
2026-09-27,749087719,DE_iOS_Trial_13,orbit_network_int,DE,iOS,21.63
2026-09-27,755164014,CZ_Android_Promo_19,vertex_media_int,CZ,Android,20.11
2026-09-27,866666834,UA_iOS_Subscribe_01,clickwave_int,UA,iOS,10.69
2026-09-28,182440508,CZ_Android_Trial_37,vertex_media_int,CZ,Android,33.07
2026-09-28,343706964,UA_Android_Brand_39,orbit_network_int,UA,Android,6.0
2026-09-28,520541560,US_Android_Promo_05,orbit_network_int,US,Android,0.3
2026-09-28,675921848,DE_iOS_Promo_04,pixelboost_int,DE,iOS,8.74
2026-09-28,696862557,PL_iOS_Brand_40,vertex_media_int,PL,iOS,134.07
2026-09-28,733984697,CZ_Android_Subscribe_11,pixelboost_int,CZ,Android,15.93
2026-09-28,749087719,DE_iOS_Trial_13,orbit_network_int,DE,iOS,14.54
2026-09-28,755164014,CZ_Android_Promo_19,vertex_media_int,CZ,Android,10.53
2026-09-28,866666834,UA_iOS_Subscribe_01,clickwave_int,UA,iOS,7.29
2026-09-29,182440508,CZ_Android_Trial_37,vertex_media_int,CZ,Android,22.24
2026-09-29,303699750,DE_Android_Install_34,novaleads_int,DE,Android,2.37
2026-09-29,520541560,US_Android_Promo_05,orbit_network_int,US,Android,0.29
2026-09-29,696862557,PL_iOS_Brand_40,vertex_media_int,PL,iOS,183.59
2026-09-29,733984697,CZ_Android_Subscribe_11,pixelboost_int,CZ,Android,17.45
2026-09-29,749087719,DE_iOS_Trial_13,orbit_network_int,DE,iOS,17.26
2026-09-29,755164014,CZ_Android_Promo_19,vertex_media_int,CZ,Android,19.17
2026-09-29,866666834,UA_iOS_Subscribe_01,clickwave_int,UA,iOS,8.06
2026-09-30,303699750,DE_Android_Install_34,novaleads_int,DE,Android,6.5
2026-09-30,520541560,US_Android_Promo_05,orbit_network_int,US,Android,0.47
2026-09-30,866666834,UA_iOS_Subscribe_01,clickwave_int,UA,iOS,15.97
