campaign_id,campaign,media_source,total_cost_usd,ad_revenue_usd,in_app_revenue_usd,total_revenue_usd,profit_usd,roi_percent
520541560,US_Android_Promo_05,orbit_network_int,4.39,12.28,286.91,299.19,294.8,6715.23
643756776,PL_Android_Subscribe_22,sunrise_ads_int,696.33,1526.44,1470.38,2996.82,2300.49,330.37
404931207,CZ_Android_Trial_30,clickwave_int,2747.36,5770.09,5978.56,11748.65,9001.29,327.63
182440508,CZ_Android_Trial_37,vertex_media_int,1531.99,2919.62,3269.56,6189.18,4657.19,304.0
679105989,PL_Android_Brand_07,vertex_media_int,1358.83,2311.24,2321.43,4632.67,3273.84,240.93
188620027,CZ_Android_Brand_17,vertex_media_int,558.69,884.12,891.88,1776.0,1217.31,217.89
171845245,DE_Android_Install_06,clickwave_int,270.34,338.98,444.53,783.51,513.17,189.82
503542490,CZ_Android_Install_28,sunrise_ads_int,1672.53,2358.74,2234.41,4593.15,2920.62,174.62
866666834,UA_iOS_Subscribe_01,clickwave_int,551.46,523.04,839.27,1362.31,810.85,147.04
231514479,DE_Android_Subscribe_33,vertex_media_int,438.49,496.4,495.37,991.77,553.28,126.18
847954966,CZ_iOS_Subscribe_09,orbit_network_int,1286.44,1421.4,1388.33,2809.73,1523.29,118.41
755164014,CZ_Android_Promo_19,vertex_media_int,545.39,467.57,636.3,1103.87,558.48,102.4
733984697,CZ_Android_Subscribe_11,pixelboost_int,596.93,582.99,551.28,1134.27,537.34,90.02
696862557,PL_iOS_Brand_40,vertex_media_int,4370.18,4083.15,3981.31,8064.46,3694.28,84.53
675921848,DE_iOS_Promo_04,pixelboost_int,175.68,321.18,0.0,321.18,145.5,82.82
350109293,US_Android_Promo_32,clickwave_int,2264.75,1987.19,2140.64,4127.83,1863.08,82.26
811466420,PL_iOS_Trial_10,pixelboost_int,570.02,462.23,367.57,829.8,259.78,45.57
259617872,US_Android_Subscribe_14,vertex_media_int,1002.21,801.63,601.18,1402.81,400.6,39.97
343706964,UA_Android_Brand_39,orbit_network_int,391.02,494.57,0.0,494.57,103.55,26.48
206214638,UA_iOS_Subscribe_24,vertex_media_int,486.16,252.3,306.65,558.95,72.79,14.97
777458886,SK_iOS_Brand_23,orbit_network_int,1207.53,728.05,612.18,1340.23,132.7,10.99
868417683,SK_iOS_Install_35,novaleads_int,52.56,0.0,53.96,53.96,1.4,2.66
354249225,SK_iOS_Install_21,novaleads_int,164.57,0.0,158.89,158.89,-5.68,-3.45
914629451,DE_iOS_Subscribe_12,vertex_media_int,925.31,354.88,532.56,887.44,-37.87,-4.09
872609410,CZ_iOS_Subscribe_15,clickwave_int,196.77,172.12,0.0,172.12,-24.65,-12.53
680088917,DE_iOS_Install_25,orbit_network_int,1739.46,718.76,756.22,1474.98,-264.48,-15.2
241515656,CZ_iOS_Subscribe_31,sunrise_ads_int,685.68,256.38,223.79,480.17,-205.51,-29.97
927865143,UA_iOS_Brand_20,clickwave_int,1261.48,374.7,489.43,864.13,-397.35,-31.5
514120953,CZ_iOS_Promo_29,pixelboost_int,779.95,293.88,219.6,513.48,-266.47,-34.17
487820854,UA_Android_Promo_38,pixelboost_int,141.61,0.0,84.88,84.88,-56.73,-40.06
368472490,US_iOS_Brand_18,sunrise_ads_int,220.59,130.11,0.0,130.11,-90.48,-41.02
261041331,US_iOS_Trial_02,pixelboost_int,850.25,187.81,248.73,436.54,-413.71,-48.66
690477857,US_Android_Install_27,sunrise_ads_int,256.07,128.36,0.0,128.36,-127.71,-49.87
843305731,DE_Android_Promo_26,novaleads_int,237.72,110.23,0.0,110.23,-127.49,-53.63
419425600,DE_iOS_Subscribe_08,novaleads_int,305.39,75.01,53.92,128.93,-176.46,-57.78
303699750,DE_Android_Install_34,novaleads_int,247.99,98.47,0.0,98.47,-149.52,-60.29
749087719,DE_iOS_Trial_13,orbit_network_int,754.39,20.1,18.96,39.06,-715.33,-94.82
573235158,SK_Android_Retarget_36,vertex_media_int,164.88,0.0,0.0,0.0,-164.88,-100.0
123775784,PL_Android_Install_03,clickwave_int,158.86,0.0,0.0,0.0,-158.86,-100.0
687506321,UA_iOS_Promo_16,clickwave_int,0.0,27.17,19.97,47.14,47.14,